alert_id,date,rule,trader_id,symbol,disposition,note
H-0001,2026-06-01,EXCESSIVE_CANCELS,T02,ETH-PERP,CLOSED_NO_ACTION,Consistent with market-making / liquidity provision.
H-0002,2026-06-02,LAYERING,T10,SOL-PERP,CLOSED_NO_ACTION,Consistent with market-making / liquidity provision.
H-0003,2026-06-03,LAYERING,T10,SOL-PERP,CLOSED_NO_ACTION,Consistent with market-making / liquidity provision.
H-0004,2026-06-04,EXCESSIVE_CANCELS,T07,ETH-PERP,CLOSED_NO_ACTION,Consistent with market-making / liquidity provision.
H-0005,2026-06-05,LAYERING,T02,BTC-PERP,CLOSED_NO_ACTION,Consistent with market-making / liquidity provision.
H-0006,2026-06-06,EXCESSIVE_CANCELS,T10,BTC-PERP,CLOSED_NO_ACTION,Consistent with market-making / liquidity provision.
H-0007,2026-06-06,EXCESSIVE_CANCELS,T02,BTC-PERP,CLOSED_NO_ACTION,Consistent with market-making / liquidity provision.
H-0008,2026-06-09,EXCESSIVE_CANCELS,T07,SOL-PERP,CLOSED_NO_ACTION,Consistent with market-making / liquidity provision.
H-0009,2026-06-12,EXCESSIVE_CANCELS,T10,SOL-PERP,CLOSED_NO_ACTION,Consistent with market-making / liquidity provision.
H-0010,2026-06-14,LAYERING,T07,SOL-PERP,CLOSED_NO_ACTION,Consistent with market-making / liquidity provision.
H-0011,2026-06-14,EXCESSIVE_CANCELS,T07,ETH-PERP,CLOSED_NO_ACTION,Consistent with market-making / liquidity provision.
H-0012,2026-06-15,EXCESSIVE_CANCELS,T10,SOL-PERP,CLOSED_NO_ACTION,Consistent with market-making / liquidity provision.
H-0013,2026-06-16,EXCESSIVE_CANCELS,T02,ETH-PERP,CLOSED_NO_ACTION,Consistent with market-making / liquidity provision.
H-0014,2026-06-20,EXCESSIVE_CANCELS,T02,BTC-PERP,CLOSED_NO_ACTION,Consistent with market-making / liquidity provision.
H-0015,2026-06-20,LAYERING,T02,BTC-PERP,CLOSED_NO_ACTION,Consistent with market-making / liquidity provision.
H-0016,2026-06-22,EXCESSIVE_CANCELS,T02,ETH-PERP,CLOSED_NO_ACTION,Consistent with market-making / liquidity provision.
H-0017,2026-06-22,EXCESSIVE_CANCELS,T10,SOL-PERP,CLOSED_NO_ACTION,Consistent with market-making / liquidity provision.
H-0018,2026-06-23,EXCESSIVE_CANCELS,T07,ETH-PERP,CLOSED_NO_ACTION,Consistent with market-making / liquidity provision.
H-0019,2026-06-24,EXCESSIVE_CANCELS,T07,SOL-PERP,CLOSED_NO_ACTION,Consistent with market-making / liquidity provision.
H-0020,2026-06-24,LAYERING,T10,BTC-PERP,CLOSED_NO_ACTION,Consistent with market-making / liquidity provision.
H-0021,2026-06-27,EXCESSIVE_CANCELS,T10,BTC-PERP,CLOSED_NO_ACTION,Consistent with market-making / liquidity provision.
H-0022,2026-06-28,EXCESSIVE_CANCELS,T07,ETH-PERP,CLOSED_NO_ACTION,Consistent with market-making / liquidity provision.
H-0023,2026-07-02,EXCESSIVE_CANCELS,T07,ETH-PERP,CLOSED_NO_ACTION,Consistent with market-making / liquidity provision.
H-0024,2026-07-06,LAYERING,T09,SOL-PERP,CLOSED_NO_ACTION,Order re-pricing; no price impact.
H-0025,2026-07-06,LAYERING,T10,BTC-PERP,CLOSED_NO_ACTION,Consistent with market-making / liquidity provision.
H-0026,2026-07-07,EXCESSIVE_CANCELS,T10,SOL-PERP,CLOSED_NO_ACTION,Consistent with market-making / liquidity provision.
H-0027,2026-07-07,EXCESSIVE_CANCELS,T02,BTC-PERP,CLOSED_NO_ACTION,Consistent with market-making / liquidity provision.
H-0028,2026-07-11,EXCESSIVE_CANCELS,T03,NOVA-USDT,CLOSED_NO_ACTION,Consistent with market-making / liquidity provision.
H-0029,2026-07-11,LAYERING,T02,ETH-PERP,CLOSED_NO_ACTION,Consistent with market-making / liquidity provision.
H-0030,2026-07-14,LAYERING,T07,ETH-PERP,CLOSED_NO_ACTION,Consistent with market-making / liquidity provision.
H-0031,2026-07-15,LAYERING,T08,BTC-PERP,CLOSED_NO_ACTION,Order re-pricing; no price impact.
H-0032,2026-07-16,EXCESSIVE_CANCELS,T02,ETH-PERP,CLOSED_NO_ACTION,Consistent with market-making / liquidity provision.
H-0033,2026-07-16,LAYERING,T03,NOVA-USDT,CLOSED_NO_ACTION,Consistent with market-making / liquidity provision.
H-0034,2026-07-17,EXCESSIVE_CANCELS,T07,ETH-PERP,CLOSED_NO_ACTION,Consistent with market-making / liquidity provision.
H-0035,2026-07-19,EXCESSIVE_CANCELS,T02,BTC-PERP,CLOSED_NO_ACTION,Consistent with market-making / liquidity provision.
H-0036,2026-07-21,FRONT_RUNNING,T04,ETH-PERP,CLOSED_NO_ACTION,Facilitation-book trade pre-dated client order receipt.
H-0037,2026-07-21,EXCESSIVE_CANCELS,T07,SOL-PERP,CLOSED_NO_ACTION,Consistent with market-making / liquidity provision.
H-0038,2026-07-22,LAYERING,T10,BTC-PERP,CLOSED_NO_ACTION,Consistent with market-making / liquidity provision.
H-0039,2026-07-24,EXCESSIVE_CANCELS,T10,SOL-PERP,CLOSED_NO_ACTION,Consistent with market-making / liquidity provision.
H-0040,2026-07-25,LAYERING,T02,ETH-PERP,CLOSED_NO_ACTION,Consistent with market-making / liquidity provision.
H-0041,2026-07-26,EXCESSIVE_CANCELS,T10,BTC-PERP,CLOSED_NO_ACTION,Consistent with market-making / liquidity provision.
H-0042,2026-07-27,LAYERING,T07,SOL-PERP,CLOSED_NO_ACTION,Consistent with market-making / liquidity provision.
H-0043,2026-07-28,EXCESSIVE_CANCELS,T03,NOVA-USDT,CLOSED_NO_ACTION,Consistent with market-making / liquidity provision.
H-0044,2026-07-29,LAYERING,T02,BTC-PERP,CLOSED_NO_ACTION,Consistent with market-making / liquidity provision.
H-0045,2026-07-29,LAYERING,T07,ETH-PERP,CLOSED_NO_ACTION,Consistent with market-making / liquidity provision.
H-0046,2026-07-31,EXCESSIVE_CANCELS,T10,BTC-PERP,CLOSED_NO_ACTION,Consistent with market-making / liquidity provision.
H-0047,2026-08-01,LAYERING,T02,ETH-PERP,CLOSED_NO_ACTION,Consistent with market-making / liquidity provision.
H-0048,2026-08-02,LAYERING,T02,ETH-PERP,CLOSED_NO_ACTION,Consistent with market-making / liquidity provision.
H-0049,2026-08-06,LAYERING,T07,ETH-PERP,CLOSED_NO_ACTION,Consistent with market-making / liquidity provision.
H-0050,2026-08-09,EXCESSIVE_CANCELS,T07,SOL-PERP,CLOSED_NO_ACTION,Consistent with market-making / liquidity provision.
H-0051,2026-08-09,EXCESSIVE_CANCELS,T07,ETH-PERP,CLOSED_NO_ACTION,Consistent with market-making / liquidity provision.
H-0052,2026-08-12,LAYERING,T10,BTC-PERP,CLOSED_NO_ACTION,Consistent with market-making / liquidity provision.
H-0053,2026-08-12,LAYERING,T01,ETH-PERP,CLOSED_NO_ACTION,Insufficient evidence; no supporting comms located.
H-0054,2026-08-13,EXCESSIVE_CANCELS,T02,BTC-PERP,CLOSED_NO_ACTION,Consistent with market-making / liquidity provision.
H-0055,2026-08-15,EXCESSIVE_CANCELS,T07,SOL-PERP,CLOSED_NO_ACTION,Consistent with market-making / liquidity provision.
H-0056,2026-08-15,LAYERING,T07,SOL-PERP,CLOSED_NO_ACTION,Consistent with market-making / liquidity provision.
H-0057,2026-08-15,LAYERING,T07,SOL-PERP,CLOSED_NO_ACTION,Consistent with market-making / liquidity provision.
H-0058,2026-08-19,EXCESSIVE_CANCELS,T10,SOL-PERP,CLOSED_NO_ACTION,Consistent with market-making / liquidity provision.
H-0059,2026-08-23,LAYERING,T10,BTC-PERP,CLOSED_NO_ACTION,Consistent with market-making / liquidity provision.
H-0060,2026-08-24,EXCESSIVE_CANCELS,T02,ETH-PERP,CLOSED_NO_ACTION,Consistent with market-making / liquidity provision.
H-0061,2026-08-25,EXCESSIVE_CANCELS,T10,BTC-PERP,CLOSED_NO_ACTION,Consistent with market-making / liquidity provision.
H-0062,2026-08-25,LAYERING,T02,BTC-PERP,CLOSED_NO_ACTION,Consistent with market-making / liquidity provision.
H-0063,2026-08-26,LAYERING,T02,ETH-PERP,CLOSED_NO_ACTION,Consistent with market-making / liquidity provision.
H-0064,2026-08-28,EXCESSIVE_CANCELS,T02,BTC-PERP,CLOSED_NO_ACTION,Consistent with market-making / liquidity provision.
H-0065,2026-08-28,FRONT_RUNNING,T05,BTC-PERP,CLOSED_NO_ACTION,"Child fills of a pre-scheduled, approved algo."
H-0066,2026-08-29,EXCESSIVE_CANCELS,T02,ETH-PERP,CLOSED_NO_ACTION,Consistent with market-making / liquidity provision.
H-0067,2026-09-01,LAYERING,T10,BTC-PERP,CLOSED_NO_ACTION,Consistent with market-making / liquidity provision.
H-0068,2026-09-02,LAYERING,T09,SOL-PERP,CLOSED_NO_ACTION,Order re-pricing; no price impact.
H-0069,2026-09-03,LAYERING,T03,NOVA-USDT,CLOSED_NO_ACTION,Consistent with market-making / liquidity provision.
H-0070,2026-09-03,LAYERING,T01,BTC-PERP,CLOSED_WARNING,Trader reminded of order-entry policy by desk head.
H-0071,2026-09-03,EXCESSIVE_CANCELS,T07,SOL-PERP,CLOSED_NO_ACTION,Consistent with market-making / liquidity provision.
H-0072,2026-09-04,LAYERING,T08,BTC-PERP,CLOSED_NO_ACTION,Order re-pricing; no price impact.
H-0073,2026-09-06,LAYERING,T02,ETH-PERP,CLOSED_NO_ACTION,Consistent with market-making / liquidity provision.
H-0074,2026-09-08,LAYERING,T10,BTC-PERP,CLOSED_NO_ACTION,Consistent with market-making / liquidity provision.
H-0075,2026-09-09,LAYERING,T02,BTC-PERP,CLOSED_NO_ACTION,Consistent with market-making / liquidity provision.
H-0076,2026-09-10,EXCESSIVE_CANCELS,T10,BTC-PERP,CLOSED_NO_ACTION,Consistent with market-making / liquidity provision.
H-0077,2026-09-11,EXCESSIVE_CANCELS,T10,SOL-PERP,CLOSED_NO_ACTION,Consistent with market-making / liquidity provision.
H-0078,2026-09-11,EXCESSIVE_CANCELS,T07,ETH-PERP,CLOSED_NO_ACTION,Consistent with market-making / liquidity provision.
H-0079,2026-09-12,EXCESSIVE_CANCELS,T03,NOVA-USDT,CLOSED_NO_ACTION,Consistent with market-making / liquidity provision.
H-0080,2026-09-13,LAYERING,T03,NOVA-USDT,CLOSED_NO_ACTION,Consistent with market-making / liquidity provision.
H-0081,2026-09-14,EXCESSIVE_CANCELS,T10,SOL-PERP,CLOSED_NO_ACTION,Consistent with market-making / liquidity provision.
H-0082,2026-09-17,EXCESSIVE_CANCELS,T07,SOL-PERP,CLOSED_NO_ACTION,Consistent with market-making / liquidity provision.
H-0083,2026-09-18,LAYERING,T10,SOL-PERP,CLOSED_NO_ACTION,Consistent with market-making / liquidity provision.
H-0084,2026-09-18,LAYERING,T10,BTC-PERP,CLOSED_NO_ACTION,Consistent with market-making / liquidity provision.
H-0085,2026-09-18,EXCESSIVE_CANCELS,T02,BTC-PERP,CLOSED_NO_ACTION,Consistent with market-making / liquidity provision.
H-0086,2026-09-18,EXCESSIVE_CANCELS,T02,ETH-PERP,CLOSED_NO_ACTION,Consistent with market-making / liquidity provision.
H-0087,2026-09-19,LAYERING,T07,SOL-PERP,CLOSED_NO_ACTION,Consistent with market-making / liquidity provision.
H-0088,2026-09-19,EXCESSIVE_CANCELS,T07,ETH-PERP,CLOSED_NO_ACTION,Consistent with market-making / liquidity provision.
H-0089,2026-09-20,EXCESSIVE_CANCELS,T07,ETH-PERP,CLOSED_NO_ACTION,Consistent with market-making / liquidity provision.
