alert_id,rule,trader_id,trader_name,account,symbol,window_start,window_end,raised_at,score,summary,n_triggers,metrics,order_ids
A-0001,LAYERING,T02,Maya Ortiz,MM-ORTIZ,ETH-PERP,2026-10-03T13:03:43Z,2026-10-03T13:04:21Z,2026-10-03T13:05:21Z,73,Maya Ortiz placed 5 SELL orders (18.81 total) then BUY 1.85; 100% of the opposite orders cancelled,1,"{""opposite_orders"": 5, ""opposite_qty"": 18.81, ""exec_side"": ""BUY"", ""exec_qty"": 1.85, ""qty_ratio"": 10.17, ""cancel_fraction"": 1.0, ""favourable_move_bps"": -1.8}","[""O000126"", ""O000134"", ""O000141"", ""O000147"", ""O000151"", ""O000152""]"
A-0002,LAYERING,T07,Omar Haddad,MM-HADDAD,SOL-PERP,2026-10-03T13:09:56Z,2026-10-03T13:10:49Z,2026-10-03T13:11:49Z,65,Omar Haddad placed 6 SELL orders (187.17 total) then BUY 36.99; 100% of the opposite orders cancelled,1,"{""opposite_orders"": 6, ""opposite_qty"": 187.17, ""exec_side"": ""BUY"", ""exec_qty"": 36.99, ""qty_ratio"": 5.06, ""cancel_fraction"": 1.0, ""favourable_move_bps"": -5.71}","[""O000329"", ""O000332"", ""O000335"", ""O000337"", ""O000359"", ""O000360"", ""O000361""]"
A-0003,EXCESSIVE_CANCELS,T02,Maya Ortiz,MM-ORTIZ,ETH-PERP,2026-10-03T13:00:00Z,2026-10-03T13:15:00Z,2026-10-03T13:16:00Z,23,Maya Ortiz: 61/62 orders cancelled with 1 fills in 15 min,1,"{""new_orders"": 62, ""cancels"": 61, ""fills"": 1, ""cancel_ratio"": 0.984}",[]
A-0004,EXCESSIVE_CANCELS,T07,Omar Haddad,MM-HADDAD,SOL-PERP,2026-10-03T13:00:00Z,2026-10-03T13:15:00Z,2026-10-03T13:16:00Z,24,Omar Haddad: 69/70 orders cancelled with 1 fills in 15 min,1,"{""new_orders"": 70, ""cancels"": 69, ""fills"": 1, ""cancel_ratio"": 0.986}",[]
A-0005,LAYERING,T02,Maya Ortiz,MM-ORTIZ,BTC-PERP,2026-10-03T13:19:15Z,2026-10-03T13:20:27Z,2026-10-03T13:21:27Z,73,Maya Ortiz placed 8 BUY orders (1.92 total) then SELL 0.214; 100% of the opposite orders cancelled,1,"{""opposite_orders"": 8, ""opposite_qty"": 1.92, ""exec_side"": ""SELL"", ""exec_qty"": 0.214, ""qty_ratio"": 8.97, ""cancel_fraction"": 1.0, ""favourable_move_bps"": -0.66}","[""O000713"", ""O000717"", ""O000720"", ""O000726"", ""O000730"", ""O000733"", ""O000749"", ""O000750"", ""O000752""]"
A-0006,LAYERING,T10,Nina Rossi,MM-ROSSI,BTC-PERP,2026-10-03T13:20:15Z,2026-10-03T13:21:21Z,2026-10-03T13:22:21Z,99,Nina Rossi placed 5 BUY orders (2.995 total) then SELL 0.376; 100% of the opposite orders cancelled,1,"{""opposite_orders"": 5, ""opposite_qty"": 2.995, ""exec_side"": ""SELL"", ""exec_qty"": 0.376, ""qty_ratio"": 7.97, ""cancel_fraction"": 1.0, ""favourable_move_bps"": 10.95}","[""O000754"", ""O000770"", ""O000779"", ""O000783"", ""O000784"", ""O000785""]"
A-0007,LAYERING,T02,Maya Ortiz,MM-ORTIZ,BTC-PERP,2026-10-03T13:24:41Z,2026-10-03T13:25:53Z,2026-10-03T13:26:53Z,75,Maya Ortiz placed 8 BUY orders (3.933 total) then SELL 0.088; 100% of the opposite orders cancelled,1,"{""opposite_orders"": 8, ""opposite_qty"": 3.933, ""exec_side"": ""SELL"", ""exec_qty"": 0.088, ""qty_ratio"": 44.69, ""cancel_fraction"": 1.0, ""favourable_move_bps"": 0.7}","[""O000911"", ""O000914"", ""O000920"", ""O000931"", ""O000933"", ""O000939"", ""O000940"", ""O000946"", ""O000947""]"
A-0008,LAYERING,T10,Nina Rossi,MM-ROSSI,SOL-PERP,2026-10-03T13:25:52Z,2026-10-03T13:28:50Z,2026-10-03T13:29:50Z,99,Nina Rossi placed 4 BUY orders (258.37 total) then SELL 64.49; 100% of the opposite orders cancelled,2,"{""opposite_orders"": 4, ""opposite_qty"": 258.37, ""exec_side"": ""SELL"", ""exec_qty"": 64.49, ""qty_ratio"": 7.92, ""cancel_fraction"": 1.0, ""favourable_move_bps"": 8.68}","[""O000955"", ""O000958"", ""O000963"", ""O000971"", ""O000972"", ""O001045"", ""O001048"", ""O001053"", ""O001072"", ""O001073""]"
A-0009,EXCESSIVE_CANCELS,T03,Tom Becker,LP-NOVA,NOVA-USDT,2026-10-03T13:15:00Z,2026-10-03T13:30:00Z,2026-10-03T13:31:00Z,23,Tom Becker: 42/43 orders cancelled with 1 fills in 15 min,1,"{""new_orders"": 43, ""cancels"": 42, ""fills"": 1, ""cancel_ratio"": 0.977}",[]
A-0010,LAYERING,T08,Grace Liu,P-LIU,BTC-PERP,2026-10-03T13:31:34Z,2026-10-03T13:32:09Z,2026-10-03T13:33:09Z,56,Grace Liu placed 5 SELL orders (0.585 total) then BUY 0.153; 100% of the opposite orders cancelled,1,"{""opposite_orders"": 5, ""opposite_qty"": 0.585, ""exec_side"": ""BUY"", ""exec_qty"": 0.153, ""qty_ratio"": 3.82, ""cancel_fraction"": 1.0, ""favourable_move_bps"": -3.28}","[""O001171"", ""O001172"", ""O001175"", ""O001176"", ""O001179"", ""O001182""]"
A-0011,LAYERING,T07,Omar Haddad,MM-HADDAD,ETH-PERP,2026-10-03T13:31:25Z,2026-10-03T13:32:25Z,2026-10-03T13:33:25Z,98,Omar Haddad placed 6 BUY orders (22.79 total) then SELL 1.5; 83% of the opposite orders cancelled,1,"{""opposite_orders"": 6, ""opposite_qty"": 22.79, ""exec_side"": ""SELL"", ""exec_qty"": 1.5, ""qty_ratio"": 15.19, ""cancel_fraction"": 0.83, ""favourable_move_bps"": 8.23}","[""O001166"", ""O001180"", ""O001184"", ""O001186"", ""O001187"", ""O001195"", ""O001196""]"
A-0012,LAYERING,T10,Nina Rossi,MM-ROSSI,SOL-PERP,2026-10-03T13:44:00Z,2026-10-03T13:44:30Z,2026-10-03T13:45:30Z,73,Nina Rossi placed 6 BUY orders (217.33 total) then SELL 22.28; 100% of the opposite orders cancelled,1,"{""opposite_orders"": 6, ""opposite_qty"": 217.33, ""exec_side"": ""SELL"", ""exec_qty"": 22.28, ""qty_ratio"": 9.75, ""cancel_fraction"": 1.0, ""favourable_move_bps"": -5.65}","[""O001577"", ""O001578"", ""O001582"", ""O001597"", ""O001602"", ""O001603"", ""O001606""]"
A-0013,EXCESSIVE_CANCELS,T02,Maya Ortiz,MM-ORTIZ,ETH-PERP,2026-10-03T13:30:00Z,2026-10-03T13:45:00Z,2026-10-03T13:46:00Z,27,Maya Ortiz: 64/63 orders cancelled with 0 fills in 15 min,1,"{""new_orders"": 63, ""cancels"": 64, ""fills"": 0, ""cancel_ratio"": 1.016}",[]
A-0014,EXCESSIVE_CANCELS,T03,Tom Becker,LP-NOVA,NOVA-USDT,2026-10-03T13:30:00Z,2026-10-03T13:45:00Z,2026-10-03T13:46:00Z,23,Tom Becker: 43/44 orders cancelled with 0 fills in 15 min,1,"{""new_orders"": 44, ""cancels"": 43, ""fills"": 0, ""cancel_ratio"": 0.977}",[]
A-0015,EXCESSIVE_CANCELS,T10,Nina Rossi,MM-ROSSI,BTC-PERP,2026-10-03T13:30:00Z,2026-10-03T13:45:00Z,2026-10-03T13:46:00Z,23,Nina Rossi: 61/62 orders cancelled with 1 fills in 15 min,1,"{""new_orders"": 62, ""cancels"": 61, ""fills"": 1, ""cancel_ratio"": 0.984}",[]
A-0016,LAYERING,T07,Omar Haddad,MM-HADDAD,SOL-PERP,2026-10-03T13:45:37Z,2026-10-03T13:46:16Z,2026-10-03T13:47:16Z,99,Omar Haddad placed 7 BUY orders (373.42 total) then SELL 17.87; 100% of the opposite orders cancelled,1,"{""opposite_orders"": 7, ""opposite_qty"": 373.42, ""exec_side"": ""SELL"", ""exec_qty"": 17.87, ""qty_ratio"": 20.9, ""cancel_fraction"": 1.0, ""favourable_move_bps"": 11.63}","[""O001641"", ""O001643"", ""O001650"", ""O001658"", ""O001659"", ""O001661"", ""O001667"", ""O001669""]"
A-0017,LAYERING,T10,Nina Rossi,MM-ROSSI,SOL-PERP,2026-10-03T13:46:32Z,2026-10-03T13:47:26Z,2026-10-03T13:48:26Z,99,Nina Rossi placed 4 SELL orders (273.85 total) then BUY 9.61; 100% of the opposite orders cancelled,1,"{""opposite_orders"": 4, ""opposite_qty"": 273.85, ""exec_side"": ""BUY"", ""exec_qty"": 9.61, ""qty_ratio"": 28.5, ""cancel_fraction"": 1.0, ""favourable_move_bps"": 11.28}","[""O001684"", ""O001687"", ""O001691"", ""O001696"", ""O001706""]"
A-0018,LAYERING,T02,Maya Ortiz,MM-ORTIZ,BTC-PERP,2026-10-03T13:48:48Z,2026-10-03T13:49:16Z,2026-10-03T13:50:16Z,73,Maya Ortiz placed 4 BUY orders (3.221 total) then SELL 0.346; 100% of the opposite orders cancelled,1,"{""opposite_orders"": 4, ""opposite_qty"": 3.221, ""exec_side"": ""SELL"", ""exec_qty"": 0.346, ""qty_ratio"": 9.31, ""cancel_fraction"": 1.0, ""favourable_move_bps"": -2.65}","[""O001749"", ""O001762"", ""O001769"", ""O001770"", ""O001776""]"
A-0019,LAYERING,T10,Nina Rossi,MM-ROSSI,SOL-PERP,2026-10-03T13:53:57Z,2026-10-03T13:54:58Z,2026-10-03T13:55:58Z,79,Nina Rossi placed 8 BUY orders (180.39 total) then SELL 59.05; 88% of the opposite orders cancelled,1,"{""opposite_orders"": 8, ""opposite_qty"": 180.39, ""exec_side"": ""SELL"", ""exec_qty"": 59.05, ""qty_ratio"": 3.05, ""cancel_fraction"": 0.88, ""favourable_move_bps"": 10.63}","[""O001926"", ""O001928"", ""O001936"", ""O001941"", ""O001959"", ""O001966"", ""O001967"", ""O001970"", ""O001977""]"
A-0020,LAYERING,T10,Nina Rossi,MM-ROSSI,BTC-PERP,2026-10-03T13:57:03Z,2026-10-03T13:57:55Z,2026-10-03T13:58:55Z,73,Nina Rossi placed 5 SELL orders (3.133 total) then BUY 0.144; 100% of the opposite orders cancelled,1,"{""opposite_orders"": 5, ""opposite_qty"": 3.133, ""exec_side"": ""BUY"", ""exec_qty"": 0.144, ""qty_ratio"": 21.76, ""cancel_fraction"": 1.0, ""favourable_move_bps"": -8.2}","[""O002061"", ""O002063"", ""O002065"", ""O002080"", ""O002081"", ""O002083""]"
A-0021,EXCESSIVE_CANCELS,T02,Maya Ortiz,MM-ORTIZ,ETH-PERP,2026-10-03T13:45:00Z,2026-10-03T14:00:00Z,2026-10-03T14:01:00Z,24,Maya Ortiz: 78/79 orders cancelled with 0 fills in 15 min,1,"{""new_orders"": 79, ""cancels"": 78, ""fills"": 0, ""cancel_ratio"": 0.987}",[]
A-0022,EXCESSIVE_CANCELS,T07,Omar Haddad,MM-HADDAD,SOL-PERP,2026-10-03T13:45:00Z,2026-10-03T14:00:00Z,2026-10-03T14:01:00Z,25,Omar Haddad: 77/77 orders cancelled with 1 fills in 15 min,1,"{""new_orders"": 77, ""cancels"": 77, ""fills"": 1, ""cancel_ratio"": 1.0}",[]
A-0023,EXCESSIVE_CANCELS,T10,Nina Rossi,MM-ROSSI,BTC-PERP,2026-10-03T13:45:00Z,2026-10-03T14:00:00Z,2026-10-03T14:01:00Z,25,Nina Rossi: 64/64 orders cancelled with 1 fills in 15 min,1,"{""new_orders"": 64, ""cancels"": 64, ""fills"": 1, ""cancel_ratio"": 1.0}",[]
A-0024,LAYERING,T07,Omar Haddad,MM-HADDAD,ETH-PERP,2026-10-03T14:03:33Z,2026-10-03T14:04:39Z,2026-10-03T14:05:39Z,73,Omar Haddad placed 5 BUY orders (20.52 total) then SELL 1.06; 100% of the opposite orders cancelled,1,"{""opposite_orders"": 5, ""opposite_qty"": 20.52, ""exec_side"": ""SELL"", ""exec_qty"": 1.06, ""qty_ratio"": 19.36, ""cancel_fraction"": 1.0, ""favourable_move_bps"": -3.07}","[""O002288"", ""O002291"", ""O002295"", ""O002300"", ""O002306"", ""O002307""]"
A-0025,LAYERING,T07,Omar Haddad,MM-HADDAD,SOL-PERP,2026-10-03T14:06:49Z,2026-10-03T14:07:47Z,2026-10-03T14:08:47Z,73,Omar Haddad placed 4 BUY orders (255.2 total) then SELL 11.0; 100% of the opposite orders cancelled,1,"{""opposite_orders"": 4, ""opposite_qty"": 255.2, ""exec_side"": ""SELL"", ""exec_qty"": 11.0, ""qty_ratio"": 23.2, ""cancel_fraction"": 1.0, ""favourable_move_bps"": -11.9}","[""O002412"", ""O002428"", ""O002436"", ""O002437"", ""O002438""]"
A-0026,LAYERING,T02,Maya Ortiz,MM-ORTIZ,ETH-PERP,2026-10-03T14:11:57Z,2026-10-03T14:12:22Z,2026-10-03T14:13:22Z,63,Maya Ortiz placed 4 SELL orders (10.14 total) then BUY 2.13; 100% of the opposite orders cancelled,1,"{""opposite_orders"": 4, ""opposite_qty"": 10.14, ""exec_side"": ""BUY"", ""exec_qty"": 2.13, ""qty_ratio"": 4.76, ""cancel_fraction"": 1.0, ""favourable_move_bps"": -1.59}","[""O002593"", ""O002597"", ""O002607"", ""O002608"", ""O002610""]"
A-0027,EXCESSIVE_CANCELS,T02,Maya Ortiz,MM-ORTIZ,BTC-PERP,2026-10-03T14:00:00Z,2026-10-03T14:15:00Z,2026-10-03T14:16:00Z,28,Maya Ortiz: 65/63 orders cancelled with 0 fills in 15 min,1,"{""new_orders"": 63, ""cancels"": 65, ""fills"": 0, ""cancel_ratio"": 1.032}",[]
A-0028,EXCESSIVE_CANCELS,T10,Nina Rossi,MM-ROSSI,SOL-PERP,2026-10-03T14:00:00Z,2026-10-03T14:15:00Z,2026-10-03T14:16:00Z,25,Nina Rossi: 75/75 orders cancelled with 0 fills in 15 min,1,"{""new_orders"": 75, ""cancels"": 75, ""fills"": 0, ""cancel_ratio"": 1.0}",[]
A-0029,LAYERING,T03,Tom Becker,LP-NOVA,NOVA-USDT,2026-10-03T14:15:18Z,2026-10-03T14:16:02Z,2026-10-03T14:17:02Z,98,Tom Becker placed 4 SELL orders (63765.0 total) then BUY 8797.0; 100% of the opposite orders cancelled,1,"{""opposite_orders"": 4, ""opposite_qty"": 63765.0, ""exec_side"": ""BUY"", ""exec_qty"": 8797.0, ""qty_ratio"": 7.25, ""cancel_fraction"": 1.0, ""favourable_move_bps"": 8.21}","[""O002682"", ""O002687"", ""O002703"", ""O002723"", ""O002724""]"
A-0030,LAYERING,T10,Nina Rossi,MM-ROSSI,BTC-PERP,2026-10-03T14:15:27Z,2026-10-03T14:17:48Z,2026-10-03T14:18:48Z,95,Nina Rossi placed 6 BUY orders (3.959 total) then SELL 0.17; 100% of the opposite orders cancelled,2,"{""opposite_orders"": 6, ""opposite_qty"": 3.959, ""exec_side"": ""SELL"", ""exec_qty"": 0.17, ""qty_ratio"": 38.07, ""cancel_fraction"": 1.0, ""favourable_move_bps"": 7.18}","[""O002690"", ""O002692"", ""O002699"", ""O002704"", ""O002721"", ""O002736"", ""O002737"", ""O002770"", ""O002789"", ""O002797"", ""O002808"", ""O002809"", ""O002810""]"
A-0031,LAYERING,T10,Nina Rossi,MM-ROSSI,SOL-PERP,2026-10-03T14:21:39Z,2026-10-03T14:22:32Z,2026-10-03T14:23:32Z,78,Nina Rossi placed 5 SELL orders (209.42 total) then BUY 14.0; 100% of the opposite orders cancelled,1,"{""opposite_orders"": 5, ""opposite_qty"": 209.42, ""exec_side"": ""BUY"", ""exec_qty"": 14.0, ""qty_ratio"": 14.96, ""cancel_fraction"": 1.0, ""favourable_move_bps"": 1.66}","[""O002954"", ""O002972"", ""O002975"", ""O002982"", ""O002984"", ""O002985""]"
A-0032,LAYERING,T10,Nina Rossi,MM-ROSSI,SOL-PERP,2026-10-03T14:24:32Z,2026-10-03T14:25:22Z,2026-10-03T14:26:22Z,97,Nina Rossi placed 5 BUY orders (227.11 total) then SELL 22.57; 100% of the opposite orders cancelled,1,"{""opposite_orders"": 5, ""opposite_qty"": 227.11, ""exec_side"": ""SELL"", ""exec_qty"": 22.57, ""qty_ratio"": 10.06, ""cancel_fraction"": 1.0, ""favourable_move_bps"": 7.96}","[""O003063"", ""O003074"", ""O003076"", ""O003096"", ""O003098"", ""O003099""]"
A-0033,LAYERING,T10,Nina Rossi,MM-ROSSI,SOL-PERP,2026-10-03T14:28:31Z,2026-10-03T14:29:11Z,2026-10-03T14:30:11Z,84,Nina Rossi placed 5 SELL orders (247.22 total) then BUY 6.45; 80% of the opposite orders cancelled,1,"{""opposite_orders"": 5, ""opposite_qty"": 247.22, ""exec_side"": ""BUY"", ""exec_qty"": 6.45, ""qty_ratio"": 38.33, ""cancel_fraction"": 0.8, ""favourable_move_bps"": 3.64}","[""O003209"", ""O003218"", ""O003221"", ""O003223"", ""O003224"", ""O003226""]"
A-0034,EXCESSIVE_CANCELS,T03,Tom Becker,LP-NOVA,NOVA-USDT,2026-10-03T14:15:00Z,2026-10-03T14:30:00Z,2026-10-03T14:31:00Z,23,Tom Becker: 54/55 orders cancelled with 1 fills in 15 min,1,"{""new_orders"": 55, ""cancels"": 54, ""fills"": 1, ""cancel_ratio"": 0.982}",[]
A-0035,LAYERING,T10,Nina Rossi,MM-ROSSI,SOL-PERP,2026-10-03T14:31:52Z,2026-10-03T14:32:45Z,2026-10-03T14:33:45Z,73,Nina Rossi placed 4 BUY orders (161.11 total) then SELL 8.28; 100% of the opposite orders cancelled,1,"{""opposite_orders"": 4, ""opposite_qty"": 161.11, ""exec_side"": ""SELL"", ""exec_qty"": 8.28, ""qty_ratio"": 19.46, ""cancel_fraction"": 1.0, ""favourable_move_bps"": -1.32}","[""O003319"", ""O003332"", ""O003334"", ""O003346"", ""O003347""]"
A-0036,LAYERING,T10,Nina Rossi,MM-ROSSI,BTC-PERP,2026-10-03T14:32:35Z,2026-10-03T14:33:27Z,2026-10-03T14:34:27Z,87,Nina Rossi placed 4 SELL orders (2.024 total) then BUY 0.069; 100% of the opposite orders cancelled,1,"{""opposite_orders"": 4, ""opposite_qty"": 2.024, ""exec_side"": ""BUY"", ""exec_qty"": 0.069, ""qty_ratio"": 29.33, ""cancel_fraction"": 1.0, ""favourable_move_bps"": 4.61}","[""O003345"", ""O003359"", ""O003376"", ""O003377"", ""O003378""]"
A-0037,LAYERING,T07,Omar Haddad,MM-HADDAD,SOL-PERP,2026-10-03T14:37:12Z,2026-10-03T14:37:58Z,2026-10-03T14:38:58Z,83,Omar Haddad placed 5 SELL orders (125.26 total) then BUY 30.64; 100% of the opposite orders cancelled,1,"{""opposite_orders"": 5, ""opposite_qty"": 125.26, ""exec_side"": ""BUY"", ""exec_qty"": 30.64, ""qty_ratio"": 4.09, ""cancel_fraction"": 1.0, ""favourable_move_bps"": 8.27}","[""O003498"", ""O003500"", ""O003502"", ""O003503"", ""O003506"", ""O003511""]"
A-0038,LAYERING,T10,Nina Rossi,MM-ROSSI,SOL-PERP,2026-10-03T14:39:04Z,2026-10-03T14:39:45Z,2026-10-03T14:40:45Z,81,Nina Rossi placed 5 BUY orders (60.11 total) then SELL 11.5; 100% of the opposite orders cancelled,1,"{""opposite_orders"": 5, ""opposite_qty"": 60.11, ""exec_side"": ""SELL"", ""exec_qty"": 11.5, ""qty_ratio"": 5.23, ""cancel_fraction"": 1.0, ""favourable_move_bps"": 4.63}","[""O003560"", ""O003572"", ""O003574"", ""O003578"", ""O003579"", ""O003583""]"
A-0039,LAYERING,T01,Dan Kessler,P-KESSLER,ETH-PERP,2026-10-03T14:41:37Z,2026-10-03T14:42:55Z,2026-10-03T14:43:55Z,66,Dan Kessler placed 7 BUY orders (137.49 total) then SELL 40.68; 100% of the opposite orders cancelled,1,"{""opposite_orders"": 7, ""opposite_qty"": 137.49, ""exec_side"": ""SELL"", ""exec_qty"": 40.68, ""qty_ratio"": 3.38, ""cancel_fraction"": 1.0, ""favourable_move_bps"": 4.55}","[""O003640"", ""O003658"", ""O003660"", ""O003661"", ""O003664"", ""O003666"", ""O003667"", ""O003671""]"
A-0040,LAYERING,T02,Maya Ortiz,MM-ORTIZ,BTC-PERP,2026-10-03T14:42:29Z,2026-10-03T14:43:13Z,2026-10-03T14:44:13Z,73,Maya Ortiz placed 5 BUY orders (1.865 total) then SELL 0.225; 100% of the opposite orders cancelled,1,"{""opposite_orders"": 5, ""opposite_qty"": 1.865, ""exec_side"": ""SELL"", ""exec_qty"": 0.225, ""qty_ratio"": 8.29, ""cancel_fraction"": 1.0, ""favourable_move_bps"": -0.27}","[""O003674"", ""O003676"", ""O003678"", ""O003699"", ""O003700"", ""O003701""]"
A-0041,LAYERING,T07,Omar Haddad,MM-HADDAD,ETH-PERP,2026-10-03T14:42:24Z,2026-10-03T14:43:36Z,2026-10-03T14:44:36Z,73,Omar Haddad placed 4 BUY orders (6.08 total) then SELL 0.53; 100% of the opposite orders cancelled,1,"{""opposite_orders"": 4, ""opposite_qty"": 6.08, ""exec_side"": ""SELL"", ""exec_qty"": 0.53, ""qty_ratio"": 11.47, ""cancel_fraction"": 1.0, ""favourable_move_bps"": -0.2}","[""O003669"", ""O003684"", ""O003706"", ""O003707"", ""O003708""]"
A-0042,LAYERING,T02,Maya Ortiz,MM-ORTIZ,ETH-PERP,2026-10-03T14:45:33Z,2026-10-03T14:46:11Z,2026-10-03T14:47:11Z,78,Maya Ortiz placed 6 SELL orders (9.29 total) then BUY 0.52; 100% of the opposite orders cancelled,1,"{""opposite_orders"": 6, ""opposite_qty"": 9.29, ""exec_side"": ""BUY"", ""exec_qty"": 0.52, ""qty_ratio"": 17.87, ""cancel_fraction"": 1.0, ""favourable_move_bps"": 1.78}","[""O003782"", ""O003784"", ""O003788"", ""O003797"", ""O003804"", ""O003805"", ""O003811""]"
A-0043,LAYERING,T07,Omar Haddad,MM-HADDAD,ETH-PERP,2026-10-03T14:46:25Z,2026-10-03T14:46:59Z,2026-10-03T14:47:59Z,52,Omar Haddad placed 4 BUY orders (19.75 total) then SELL 5.91; 100% of the opposite orders cancelled,1,"{""opposite_orders"": 4, ""opposite_qty"": 19.75, ""exec_side"": ""SELL"", ""exec_qty"": 5.91, ""qty_ratio"": 3.34, ""cancel_fraction"": 1.0, ""favourable_move_bps"": -0.1}","[""O003823"", ""O003832"", ""O003833"", ""O003834"", ""O003835""]"
A-0044,LAYERING,T07,Omar Haddad,MM-HADDAD,SOL-PERP,2026-10-03T14:55:38Z,2026-10-03T14:56:20Z,2026-10-03T14:57:20Z,76,Omar Haddad placed 6 BUY orders (237.6 total) then SELL 21.56; 100% of the opposite orders cancelled,1,"{""opposite_orders"": 6, ""opposite_qty"": 237.6, ""exec_side"": ""SELL"", ""exec_qty"": 21.56, ""qty_ratio"": 11.02, ""cancel_fraction"": 1.0, ""favourable_move_bps"": 0.99}","[""O004134"", ""O004140"", ""O004148"", ""O004152"", ""O004156"", ""O004157"", ""O004162""]"
A-0045,LAYERING,T10,Nina Rossi,MM-ROSSI,SOL-PERP,2026-10-03T14:55:57Z,2026-10-03T14:57:26Z,2026-10-03T14:58:26Z,99,Nina Rossi placed 6 BUY orders (298.77 total) then SELL 27.16; 100% of the opposite orders cancelled,2,"{""opposite_orders"": 6, ""opposite_qty"": 298.77, ""exec_side"": ""SELL"", ""exec_qty"": 27.16, ""qty_ratio"": 32.51, ""cancel_fraction"": 1.0, ""favourable_move_bps"": 15.13}","[""O004146"", ""O004160"", ""O004164"", ""O004170"", ""O004179"", ""O004186"", ""O004187"", ""O004190"", ""O004203"", ""O004208"", ""O004209""]"
A-0046,EXCESSIVE_CANCELS,T07,Omar Haddad,MM-HADDAD,ETH-PERP,2026-10-03T14:45:00Z,2026-10-03T15:00:00Z,2026-10-03T15:01:00Z,25,Omar Haddad: 68/68 orders cancelled with 1 fills in 15 min,1,"{""new_orders"": 68, ""cancels"": 68, ""fills"": 1, ""cancel_ratio"": 1.0}",[]
A-0047,LAYERING,T07,Omar Haddad,MM-HADDAD,SOL-PERP,2026-10-03T15:10:52Z,2026-10-03T15:11:47Z,2026-10-03T15:12:47Z,73,Omar Haddad placed 4 SELL orders (206.06 total) then BUY 16.84; 100% of the opposite orders cancelled,1,"{""opposite_orders"": 4, ""opposite_qty"": 206.06, ""exec_side"": ""BUY"", ""exec_qty"": 16.84, ""qty_ratio"": 12.24, ""cancel_fraction"": 1.0, ""favourable_move_bps"": -1.32}","[""O004674"", ""O004676"", ""O004698"", ""O004699"", ""O004700""]"
A-0048,LAYERING,T02,Maya Ortiz,MM-ORTIZ,ETH-PERP,2026-10-03T15:13:50Z,2026-10-03T15:14:47Z,2026-10-03T15:15:47Z,75,Maya Ortiz placed 5 BUY orders (28.9 total) then SELL 5.24; 100% of the opposite orders cancelled,1,"{""opposite_orders"": 5, ""opposite_qty"": 28.9, ""exec_side"": ""SELL"", ""exec_qty"": 5.24, ""qty_ratio"": 5.52, ""cancel_fraction"": 1.0, ""favourable_move_bps"": 1.89}","[""O004766"", ""O004776"", ""O004779"", ""O004792"", ""O004807"", ""O004808""]"
A-0049,EXCESSIVE_CANCELS,T02,Maya Ortiz,MM-ORTIZ,BTC-PERP,2026-10-03T15:00:00Z,2026-10-03T15:15:00Z,2026-10-03T15:16:00Z,23,Maya Ortiz: 61/62 orders cancelled with 1 fills in 15 min,1,"{""new_orders"": 62, ""cancels"": 61, ""fills"": 1, ""cancel_ratio"": 0.984}",[]
A-0050,LAYERING,T07,Omar Haddad,MM-HADDAD,SOL-PERP,2026-10-03T15:14:46Z,2026-10-03T15:15:53Z,2026-10-03T15:16:53Z,73,Omar Haddad placed 4 SELL orders (179.98 total) then BUY 12.05; 100% of the opposite orders cancelled,1,"{""opposite_orders"": 4, ""opposite_qty"": 179.98, ""exec_side"": ""BUY"", ""exec_qty"": 12.05, ""qty_ratio"": 14.94, ""cancel_fraction"": 1.0, ""favourable_move_bps"": -13.21}","[""O004811"", ""O004834"", ""O004838"", ""O004848"", ""O004849""]"
A-0051,LAYERING,T10,Nina Rossi,MM-ROSSI,SOL-PERP,2026-10-03T15:13:10Z,2026-10-03T15:16:54Z,2026-10-03T15:17:54Z,85,Nina Rossi placed 5 BUY orders (261.8 total) then SELL 25.59; 100% of the opposite orders cancelled,3,"{""opposite_orders"": 5, ""opposite_qty"": 261.8, ""exec_side"": ""SELL"", ""exec_qty"": 25.59, ""qty_ratio"": 40.09, ""cancel_fraction"": 1.0, ""favourable_move_bps"": 3.96}","[""O004754"", ""O004768"", ""O004770"", ""O004772"", ""O004773"", ""O004863"", ""O004883"", ""O004885"", ""O004891"", ""O004892"", ""O004893"", ""O004894"", ""O004896""]"
A-0052,LAYERING,T07,Omar Haddad,MM-HADDAD,ETH-PERP,2026-10-03T15:16:46Z,2026-10-03T15:18:15Z,2026-10-03T15:19:15Z,79,Omar Haddad placed 7 BUY orders (22.93 total) then SELL 2.56; 100% of the opposite orders cancelled,2,"{""opposite_orders"": 7, ""opposite_qty"": 22.93, ""exec_side"": ""SELL"", ""exec_qty"": 2.56, ""qty_ratio"": 21.96, ""cancel_fraction"": 1.0, ""favourable_move_bps"": 1.89}","[""O004898"", ""O004913"", ""O004918"", ""O004920"", ""O004921"", ""O004922"", ""O004950"", ""O004952"", ""O004955"", ""O004956""]"
A-0053,LAYERING,T02,Maya Ortiz,MM-ORTIZ,BTC-PERP,2026-10-03T15:18:54Z,2026-10-03T15:19:24Z,2026-10-03T15:20:24Z,86,Maya Ortiz placed 4 SELL orders (2.865 total) then BUY 0.053; 100% of the opposite orders cancelled,1,"{""opposite_orders"": 4, ""opposite_qty"": 2.865, ""exec_side"": ""BUY"", ""exec_qty"": 0.053, ""qty_ratio"": 54.06, ""cancel_fraction"": 1.0, ""favourable_move_bps"": 4.47}","[""O004982"", ""O004993"", ""O004997"", ""O005004"", ""O005005""]"
A-0054,LAYERING,T02,Maya Ortiz,MM-ORTIZ,ETH-PERP,2026-10-03T15:19:13Z,2026-10-03T15:20:12Z,2026-10-03T15:21:12Z,89,Maya Ortiz placed 4 SELL orders (48.77 total) then BUY 10.88; 100% of the opposite orders cancelled,1,"{""opposite_orders"": 4, ""opposite_qty"": 48.77, ""exec_side"": ""BUY"", ""exec_qty"": 10.88, ""qty_ratio"": 4.48, ""cancel_fraction"": 1.0, ""favourable_move_bps"": 9.47}","[""O005000"", ""O005001"", ""O005006"", ""O005014"", ""O005033""]"
A-0055,LAYERING,T10,Nina Rossi,MM-ROSSI,SOL-PERP,2026-10-03T15:20:45Z,2026-10-03T15:21:44Z,2026-10-03T15:22:44Z,77,Nina Rossi placed 4 SELL orders (157.96 total) then BUY 8.89; 100% of the opposite orders cancelled,1,"{""opposite_orders"": 4, ""opposite_qty"": 157.96, ""exec_side"": ""BUY"", ""exec_qty"": 8.89, ""qty_ratio"": 17.77, ""cancel_fraction"": 1.0, ""favourable_move_bps"": 1.32}","[""O005047"", ""O005048"", ""O005057"", ""O005072"", ""O005073""]"
A-0056,LAYERING,T09,Ben Okafor,P-OKAFOR,ETH-PERP,2026-10-03T15:26:16Z,2026-10-03T15:26:51Z,2026-10-03T15:27:51Z,57,Ben Okafor placed 4 SELL orders (7.52 total) then BUY 1.9; 100% of the opposite orders cancelled,1,"{""opposite_orders"": 4, ""opposite_qty"": 7.52, ""exec_side"": ""BUY"", ""exec_qty"": 1.9, ""qty_ratio"": 3.96, ""cancel_fraction"": 1.0, ""favourable_move_bps"": -0.6}","[""O005263"", ""O005264"", ""O005268"", ""O005269"", ""O005273""]"
A-0057,LAYERING,T02,Maya Ortiz,MM-ORTIZ,ETH-PERP,2026-10-03T15:31:50Z,2026-10-03T15:32:38Z,2026-10-03T15:33:38Z,76,Maya Ortiz placed 5 SELL orders (41.13 total) then BUY 11.26; 100% of the opposite orders cancelled,1,"{""opposite_orders"": 5, ""opposite_qty"": 41.13, ""exec_side"": ""BUY"", ""exec_qty"": 11.26, ""qty_ratio"": 3.65, ""cancel_fraction"": 1.0, ""favourable_move_bps"": 7.4}","[""O005447"", ""O005464"", ""O005469"", ""O005482"", ""O005483"", ""O005489""]"
A-0058,LAYERING,T07,Omar Haddad,MM-HADDAD,ETH-PERP,2026-10-03T15:34:33Z,2026-10-03T15:35:21Z,2026-10-03T15:36:21Z,83,Omar Haddad placed 5 SELL orders (26.06 total) then BUY 4.81; 80% of the opposite orders cancelled,2,"{""opposite_orders"": 5, ""opposite_qty"": 26.06, ""exec_side"": ""BUY"", ""exec_qty"": 4.81, ""qty_ratio"": 5.42, ""cancel_fraction"": 0.8, ""favourable_move_bps"": 4.9}","[""O005560"", ""O005561"", ""O005571"", ""O005572"", ""O005573"", ""O005574"", ""O005584"", ""O005585"", ""O005591"", ""O005592""]"
A-0059,LAYERING,T02,Maya Ortiz,MM-ORTIZ,BTC-PERP,2026-10-03T15:40:32Z,2026-10-03T15:41:33Z,2026-10-03T15:42:33Z,73,Maya Ortiz placed 4 SELL orders (2.633 total) then BUY 0.245; 100% of the opposite orders cancelled,1,"{""opposite_orders"": 4, ""opposite_qty"": 2.633, ""exec_side"": ""BUY"", ""exec_qty"": 0.245, ""qty_ratio"": 10.75, ""cancel_fraction"": 1.0, ""favourable_move_bps"": -2.71}","[""O005803"", ""O005807"", ""O005831"", ""O005834"", ""O005835""]"
A-0060,LAYERING,T10,Nina Rossi,MM-ROSSI,BTC-PERP,2026-10-03T15:43:08Z,2026-10-03T15:44:31Z,2026-10-03T15:45:31Z,74,Nina Rossi placed 6 BUY orders (2.695 total) then SELL 0.768; 100% of the opposite orders cancelled,2,"{""opposite_orders"": 6, ""opposite_qty"": 2.695, ""exec_side"": ""SELL"", ""exec_qty"": 0.768, ""qty_ratio"": 3.51, ""cancel_fraction"": 1.0, ""favourable_move_bps"": 6.97}","[""O005893"", ""O005898"", ""O005900"", ""O005909"", ""O005911"", ""O005912"", ""O005920"", ""O005921"", ""O005925"", ""O005935"", ""O005941"", ""O005954""]"
A-0061,EXCESSIVE_CANCELS,T10,Nina Rossi,MM-ROSSI,SOL-PERP,2026-10-03T15:30:00Z,2026-10-03T15:45:00Z,2026-10-03T15:46:00Z,22,Nina Rossi: 70/72 orders cancelled with 1 fills in 15 min,1,"{""new_orders"": 72, ""cancels"": 70, ""fills"": 1, ""cancel_ratio"": 0.972}",[]
A-0062,LAYERING,T07,Omar Haddad,MM-HADDAD,ETH-PERP,2026-10-03T15:44:52Z,2026-10-03T15:46:56Z,2026-10-03T15:47:56Z,77,Omar Haddad placed 6 BUY orders (36.52 total) then SELL 4.09; 100% of the opposite orders cancelled,3,"{""opposite_orders"": 6, ""opposite_qty"": 36.52, ""exec_side"": ""SELL"", ""exec_qty"": 4.09, ""qty_ratio"": 33.43, ""cancel_fraction"": 1.0, ""favourable_move_bps"": 1.4}","[""O005959"", ""O005965"", ""O005973"", ""O005985"", ""O005986"", ""O005989"", ""O006003"", ""O006004"", ""O006007"", ""O006008"", ""O006016"", ""O006017"", ""O006022"", ""O006023"", ""O006032"", ""O006033""]"
A-0063,LAYERING,T07,Omar Haddad,MM-HADDAD,SOL-PERP,2026-10-03T15:48:59Z,2026-10-03T15:49:58Z,2026-10-03T15:50:58Z,73,Omar Haddad placed 7 BUY orders (211.69 total) then SELL 15.6; 100% of the opposite orders cancelled,1,"{""opposite_orders"": 7, ""opposite_qty"": 211.69, ""exec_side"": ""SELL"", ""exec_qty"": 15.6, ""qty_ratio"": 13.57, ""cancel_fraction"": 1.0, ""favourable_move_bps"": -6.86}","[""O006104"", ""O006108"", ""O006115"", ""O006119"", ""O006122"", ""O006128"", ""O006135"", ""O006136""]"
A-0064,LAYERING,T09,Ben Okafor,P-OKAFOR,SOL-PERP,2026-10-03T15:52:16Z,2026-10-03T15:53:01Z,2026-10-03T15:54:01Z,87,Ben Okafor placed 7 SELL orders (1625.17 total) then BUY 407.61; 100% of the opposite orders cancelled,1,"{""opposite_orders"": 7, ""opposite_qty"": 1625.17, ""exec_side"": ""BUY"", ""exec_qty"": 407.61, ""qty_ratio"": 3.99, ""cancel_fraction"": 1.0, ""favourable_move_bps"": 18.62}","[""O006230"", ""O006243"", ""O006246"", ""O006247"", ""O006248"", ""O006249"", ""O006250"", ""O006252""]"
A-0065,LAYERING,T07,Omar Haddad,MM-HADDAD,SOL-PERP,2026-10-03T15:57:42Z,2026-10-03T15:58:39Z,2026-10-03T15:59:39Z,60,Omar Haddad placed 4 BUY orders (74.56 total) then SELL 17.1; 100% of the opposite orders cancelled,1,"{""opposite_orders"": 4, ""opposite_qty"": 74.56, ""exec_side"": ""SELL"", ""exec_qty"": 17.1, ""qty_ratio"": 4.36, ""cancel_fraction"": 1.0, ""favourable_move_bps"": -0.65}","[""O006408"", ""O006409"", ""O006425"", ""O006434"", ""O006435""]"
A-0066,LAYERING,T02,Maya Ortiz,MM-ORTIZ,BTC-PERP,2026-10-03T15:58:10Z,2026-10-03T15:59:10Z,2026-10-03T16:00:10Z,79,Maya Ortiz placed 4 SELL orders (0.956 total) then BUY 0.21; 100% of the opposite orders cancelled,1,"{""opposite_orders"": 4, ""opposite_qty"": 0.956, ""exec_side"": ""BUY"", ""exec_qty"": 0.21, ""qty_ratio"": 4.55, ""cancel_fraction"": 1.0, ""favourable_move_bps"": 5.95}","[""O006422"", ""O006441"", ""O006446"", ""O006459"", ""O006460""]"
A-0067,LAYERING,T07,Omar Haddad,MM-HADDAD,ETH-PERP,2026-10-03T16:00:13Z,2026-10-03T16:01:12Z,2026-10-03T16:02:12Z,73,Omar Haddad placed 6 BUY orders (42.35 total) then SELL 2.48; 100% of the opposite orders cancelled,1,"{""opposite_orders"": 6, ""opposite_qty"": 42.35, ""exec_side"": ""SELL"", ""exec_qty"": 2.48, ""qty_ratio"": 17.08, ""cancel_fraction"": 1.0, ""favourable_move_bps"": 0.0}","[""O006490"", ""O006492"", ""O006504"", ""O006511"", ""O006521"", ""O006522"", ""O006526""]"
A-0068,LAYERING,T10,Nina Rossi,MM-ROSSI,SOL-PERP,2026-10-03T16:00:30Z,2026-10-03T16:01:18Z,2026-10-03T16:02:18Z,89,Nina Rossi placed 4 SELL orders (174.68 total) then BUY 19.83; 100% of the opposite orders cancelled,1,"{""opposite_orders"": 4, ""opposite_qty"": 174.68, ""exec_side"": ""BUY"", ""exec_qty"": 19.83, ""qty_ratio"": 8.81, ""cancel_fraction"": 1.0, ""favourable_move_bps"": 5.22}","[""O006501"", ""O006509"", ""O006518"", ""O006538"", ""O006539""]"
A-0069,LAYERING,T02,Maya Ortiz,MM-ORTIZ,ETH-PERP,2026-10-03T16:04:30Z,2026-10-03T16:05:12Z,2026-10-03T16:06:12Z,73,Maya Ortiz placed 5 SELL orders (24.37 total) then BUY 3.31; 100% of the opposite orders cancelled,1,"{""opposite_orders"": 5, ""opposite_qty"": 24.37, ""exec_side"": ""BUY"", ""exec_qty"": 3.31, ""qty_ratio"": 7.36, ""cancel_fraction"": 1.0, ""favourable_move_bps"": -0.5}","[""O006661"", ""O006671"", ""O006677"", ""O006690"", ""O006702"", ""O006703""]"
A-0070,LAYERING,T08,Grace Liu,P-LIU,ETH-PERP,2026-10-03T16:06:47Z,2026-10-03T16:07:20Z,2026-10-03T16:08:20Z,56,Grace Liu placed 4 SELL orders (2.68 total) then BUY 0.7; 100% of the opposite orders cancelled,1,"{""opposite_orders"": 4, ""opposite_qty"": 2.68, ""exec_side"": ""BUY"", ""exec_qty"": 0.7, ""qty_ratio"": 3.83, ""cancel_fraction"": 1.0, ""favourable_move_bps"": -2.59}","[""O006759"", ""O006763"", ""O006767"", ""O006769"", ""O006775""]"
A-0071,FRONT_RUNNING,T04,Leo Brandt,PA-BRANDT,ETH-PERP,2026-10-03T16:09:00Z,2026-10-03T16:09:24Z,2026-10-03T16:10:24Z,75,Leo Brandt traded 20.53 BUY for PA-BRANDT starting 24.6s after Calder Asset Management order CO-1003 was received,1,"{""client_order_id"": ""CO-1003"", ""client"": ""Calder Asset Management"", ""client_side"": ""BUY"", ""client_qty"": 300.0, ""handling_trader"": ""T04"", ""own_fills"": 1, ""own_qty"": 20.53, ""seconds_after_receipt"": 24.6}","[""O006864""]"
A-0072,LAYERING,T10,Nina Rossi,MM-ROSSI,SOL-PERP,2026-10-03T16:10:33Z,2026-10-03T16:11:43Z,2026-10-03T16:12:43Z,70,Nina Rossi placed 5 SELL orders (142.89 total) then BUY 34.18; 100% of the opposite orders cancelled,1,"{""opposite_orders"": 5, ""opposite_qty"": 142.89, ""exec_side"": ""BUY"", ""exec_qty"": 34.18, ""qty_ratio"": 4.18, ""cancel_fraction"": 1.0, ""favourable_move_bps"": 3.91}","[""O006909"", ""O006932"", ""O006934"", ""O006940"", ""O006941"", ""O006942""]"
A-0073,LAYERING,T02,Maya Ortiz,MM-ORTIZ,ETH-PERP,2026-10-03T16:10:54Z,2026-10-03T16:11:48Z,2026-10-03T16:12:48Z,83,Maya Ortiz placed 6 SELL orders (26.71 total) then BUY 0.74; 100% of the opposite orders cancelled,1,"{""opposite_orders"": 6, ""opposite_qty"": 26.71, ""exec_side"": ""BUY"", ""exec_qty"": 0.74, ""qty_ratio"": 36.09, ""cancel_fraction"": 1.0, ""favourable_move_bps"": 3.29}","[""O006919"", ""O006924"", ""O006933"", ""O006953"", ""O006955"", ""O006956"", ""O006957""]"
A-0074,LAYERING,T02,Maya Ortiz,MM-ORTIZ,BTC-PERP,2026-10-03T16:14:17Z,2026-10-03T16:15:00Z,2026-10-03T16:16:00Z,73,Maya Ortiz placed 5 SELL orders (3.1 total) then BUY 0.221; 100% of the opposite orders cancelled,1,"{""opposite_orders"": 5, ""opposite_qty"": 3.1, ""exec_side"": ""BUY"", ""exec_qty"": 0.221, ""qty_ratio"": 14.03, ""cancel_fraction"": 1.0, ""favourable_move_bps"": -3.15}","[""O007065"", ""O007066"", ""O007074"", ""O007088"", ""O007090"", ""O007091""]"
A-0075,LAYERING,T07,Omar Haddad,MM-HADDAD,ETH-PERP,2026-10-03T16:23:10Z,2026-10-03T16:24:02Z,2026-10-03T16:25:02Z,73,Omar Haddad placed 5 SELL orders (11.76 total) then BUY 0.58; 100% of the opposite orders cancelled,1,"{""opposite_orders"": 5, ""opposite_qty"": 11.76, ""exec_side"": ""BUY"", ""exec_qty"": 0.58, ""qty_ratio"": 20.28, ""cancel_fraction"": 1.0, ""favourable_move_bps"": -6.68}","[""O007375"", ""O007382"", ""O007383"", ""O007392"", ""O007396"", ""O007397""]"
A-0076,EXCESSIVE_CANCELS,T10,Nina Rossi,MM-ROSSI,SOL-PERP,2026-10-03T16:15:00Z,2026-10-03T16:30:00Z,2026-10-03T16:31:00Z,28,Nina Rossi: 60/58 orders cancelled with 0 fills in 15 min,1,"{""new_orders"": 58, ""cancels"": 60, ""fills"": 0, ""cancel_ratio"": 1.034}",[]
A-0077,LAYERING,T07,Omar Haddad,MM-HADDAD,ETH-PERP,2026-10-03T16:31:00Z,2026-10-03T16:31:43Z,2026-10-03T16:32:43Z,85,Omar Haddad placed 4 BUY orders (31.42 total) then SELL 1.67; 100% of the opposite orders cancelled,1,"{""opposite_orders"": 4, ""opposite_qty"": 31.42, ""exec_side"": ""SELL"", ""exec_qty"": 1.67, ""qty_ratio"": 18.81, ""cancel_fraction"": 1.0, ""favourable_move_bps"": 3.98}","[""O007631"", ""O007633"", ""O007635"", ""O007639"", ""O007640""]"
A-0078,LAYERING,T10,Nina Rossi,MM-ROSSI,SOL-PERP,2026-10-03T16:35:15Z,2026-10-03T16:35:52Z,2026-10-03T16:36:52Z,84,Nina Rossi placed 6 BUY orders (278.1 total) then SELL 45.65; 83% of the opposite orders cancelled,1,"{""opposite_orders"": 6, ""opposite_qty"": 278.1, ""exec_side"": ""SELL"", ""exec_qty"": 45.65, ""qty_ratio"": 6.09, ""cancel_fraction"": 0.83, ""favourable_move_bps"": 3.6}","[""O007759"", ""O007761"", ""O007765"", ""O007768"", ""O007774"", ""O007783"", ""O007784""]"
A-0079,LAYERING,T02,Maya Ortiz,MM-ORTIZ,BTC-PERP,2026-10-03T16:36:11Z,2026-10-03T16:37:02Z,2026-10-03T16:38:02Z,80,Maya Ortiz placed 5 SELL orders (2.17 total) then BUY 0.099; 80% of the opposite orders cancelled,1,"{""opposite_orders"": 5, ""opposite_qty"": 2.17, ""exec_side"": ""BUY"", ""exec_qty"": 0.099, ""qty_ratio"": 21.92, ""cancel_fraction"": 0.8, ""favourable_move_bps"": 2.49}","[""O007788"", ""O007793"", ""O007796"", ""O007823"", ""O007832"", ""O007833""]"
A-0080,LAYERING,T07,Omar Haddad,MM-HADDAD,ETH-PERP,2026-10-03T16:36:29Z,2026-10-03T16:37:18Z,2026-10-03T16:38:18Z,80,Omar Haddad placed 5 BUY orders (33.91 total) then SELL 1.37; 100% of the opposite orders cancelled,1,"{""opposite_orders"": 5, ""opposite_qty"": 33.91, ""exec_side"": ""SELL"", ""exec_qty"": 1.37, ""qty_ratio"": 24.75, ""cancel_fraction"": 1.0, ""favourable_move_bps"": 2.29}","[""O007804"", ""O007827"", ""O007835"", ""O007840"", ""O007843"", ""O007844""]"
A-0081,LAYERING,T10,Nina Rossi,MM-ROSSI,BTC-PERP,2026-10-03T16:43:07Z,2026-10-03T16:43:45Z,2026-10-03T16:44:45Z,85,Nina Rossi placed 4 SELL orders (0.76 total) then BUY 0.108; 100% of the opposite orders cancelled,1,"{""opposite_orders"": 4, ""opposite_qty"": 0.76, ""exec_side"": ""BUY"", ""exec_qty"": 0.108, ""qty_ratio"": 7.04, ""cancel_fraction"": 1.0, ""favourable_move_bps"": 3.97}","[""O008038"", ""O008042"", ""O008043"", ""O008059"", ""O008060""]"
A-0082,LAYERING,T02,Maya Ortiz,MM-ORTIZ,ETH-PERP,2026-10-03T16:53:54Z,2026-10-03T16:54:52Z,2026-10-03T16:55:52Z,83,Maya Ortiz placed 5 SELL orders (25.21 total) then BUY 2.82; 100% of the opposite orders cancelled,1,"{""opposite_orders"": 5, ""opposite_qty"": 25.21, ""exec_side"": ""BUY"", ""exec_qty"": 2.82, ""qty_ratio"": 8.94, ""cancel_fraction"": 1.0, ""favourable_move_bps"": 3.37}","[""O008456"", ""O008465"", ""O008482"", ""O008483"", ""O008485"", ""O008487""]"
A-0083,WASH_TRADE,T03,Tom Becker,AFF-0731<->LP-NOVA,NOVA-USDT,2026-10-03T16:50:00Z,2026-10-03T16:57:01Z,2026-10-03T16:58:01Z,80,"6 crosses between AFF-0731<->LP-NOVA (both controlled by Tom Becker), 917654.0 total",6,"{""crosses"": 6, ""qty"": 917654.0, ""controlled_by"": ""Tom Becker""}","[""O008281"", ""O008330"", ""O008382"", ""O008469"", ""O008520"", ""O008564""]"
A-0084,EXCESSIVE_CANCELS,T02,Maya Ortiz,MM-ORTIZ,BTC-PERP,2026-10-03T16:45:00Z,2026-10-03T17:00:00Z,2026-10-03T17:01:00Z,24,Maya Ortiz: 65/66 orders cancelled with 1 fills in 15 min,1,"{""new_orders"": 66, ""cancels"": 65, ""fills"": 1, ""cancel_ratio"": 0.985}",[]
A-0085,EXCESSIVE_CANCELS,T10,Nina Rossi,MM-ROSSI,BTC-PERP,2026-10-03T16:45:00Z,2026-10-03T17:00:00Z,2026-10-03T17:01:00Z,24,Nina Rossi: 80/81 orders cancelled with 1 fills in 15 min,1,"{""new_orders"": 81, ""cancels"": 80, ""fills"": 1, ""cancel_ratio"": 0.988}",[]
A-0086,EXCESSIVE_CANCELS,T10,Nina Rossi,MM-ROSSI,SOL-PERP,2026-10-03T16:45:00Z,2026-10-03T17:00:00Z,2026-10-03T17:01:00Z,24,Nina Rossi: 68/69 orders cancelled with 1 fills in 15 min,1,"{""new_orders"": 69, ""cancels"": 68, ""fills"": 1, ""cancel_ratio"": 0.986}",[]
A-0087,LAYERING,T07,Omar Haddad,MM-HADDAD,ETH-PERP,2026-10-03T17:01:20Z,2026-10-03T17:02:06Z,2026-10-03T17:03:06Z,80,Omar Haddad placed 5 BUY orders (30.98 total) then SELL 2.93; 100% of the opposite orders cancelled,1,"{""opposite_orders"": 5, ""opposite_qty"": 30.98, ""exec_side"": ""SELL"", ""exec_qty"": 2.93, ""qty_ratio"": 10.57, ""cancel_fraction"": 1.0, ""favourable_move_bps"": 2.19}","[""O008692"", ""O008700"", ""O008702"", ""O008706"", ""O008711"", ""O008712""]"
A-0088,LAYERING,T10,Nina Rossi,MM-ROSSI,SOL-PERP,2026-10-03T17:02:28Z,2026-10-03T17:03:28Z,2026-10-03T17:04:28Z,99,Nina Rossi placed 4 SELL orders (152.31 total) then BUY 7.32; 100% of the opposite orders cancelled,1,"{""opposite_orders"": 4, ""opposite_qty"": 152.31, ""exec_side"": ""BUY"", ""exec_qty"": 7.32, ""qty_ratio"": 20.81, ""cancel_fraction"": 1.0, ""favourable_move_bps"": 16.39}","[""O008732"", ""O008747"", ""O008751"", ""O008760"", ""O008761""]"
A-0089,LAYERING,T07,Omar Haddad,MM-HADDAD,SOL-PERP,2026-10-03T17:02:06Z,2026-10-03T17:03:50Z,2026-10-03T17:04:50Z,99,Omar Haddad placed 5 SELL orders (267.33 total) then BUY 9.64; 100% of the opposite orders cancelled,2,"{""opposite_orders"": 5, ""opposite_qty"": 267.33, ""exec_side"": ""BUY"", ""exec_qty"": 9.64, ""qty_ratio"": 34.81, ""cancel_fraction"": 1.0, ""favourable_move_bps"": 12.79}","[""O008720"", ""O008726"", ""O008728"", ""O008733"", ""O008748"", ""O008749"", ""O008763"", ""O008772"", ""O008773"", ""O008774""]"
A-0090,LAYERING,T10,Nina Rossi,MM-ROSSI,BTC-PERP,2026-10-03T17:06:20Z,2026-10-03T17:07:08Z,2026-10-03T17:08:08Z,60,Nina Rossi placed 4 BUY orders (3.633 total) then SELL 0.828; 100% of the opposite orders cancelled,1,"{""opposite_orders"": 4, ""opposite_qty"": 3.633, ""exec_side"": ""SELL"", ""exec_qty"": 0.828, ""qty_ratio"": 4.39, ""cancel_fraction"": 1.0, ""favourable_move_bps"": -0.93}","[""O008859"", ""O008878"", ""O008882"", ""O008889"", ""O008890""]"
A-0091,LAYERING,T10,Nina Rossi,MM-ROSSI,SOL-PERP,2026-10-03T17:11:52Z,2026-10-03T17:13:04Z,2026-10-03T17:14:04Z,73,Nina Rossi placed 5 SELL orders (169.31 total) then BUY 18.21; 100% of the opposite orders cancelled,1,"{""opposite_orders"": 5, ""opposite_qty"": 169.31, ""exec_side"": ""BUY"", ""exec_qty"": 18.21, ""qty_ratio"": 9.3, ""cancel_fraction"": 1.0, ""favourable_move_bps"": -4.27}","[""O009025"", ""O009039"", ""O009049"", ""O009063"", ""O009064"", ""O009069""]"
A-0092,LAYERING,T07,Omar Haddad,MM-HADDAD,ETH-PERP,2026-10-03T17:13:33Z,2026-10-03T17:14:51Z,2026-10-03T17:15:51Z,60,Omar Haddad placed 5 SELL orders (8.7 total) then BUY 1.98; 100% of the opposite orders cancelled,1,"{""opposite_orders"": 5, ""opposite_qty"": 8.7, ""exec_side"": ""BUY"", ""exec_qty"": 1.98, ""qty_ratio"": 4.39, ""cancel_fraction"": 1.0, ""favourable_move_bps"": -4.47}","[""O009096"", ""O009106"", ""O009111"", ""O009114"", ""O009125"", ""O009126""]"
A-0093,LAYERING,T03,Tom Becker,LP-NOVA,NOVA-USDT,2026-10-03T17:15:02Z,2026-10-03T17:16:10Z,2026-10-03T17:17:10Z,87,Tom Becker placed 6 SELL orders (31293.0 total) then BUY 7304.0; 83% of the opposite orders cancelled,1,"{""opposite_orders"": 6, ""opposite_qty"": 31293.0, ""exec_side"": ""BUY"", ""exec_qty"": 7304.0, ""qty_ratio"": 4.28, ""cancel_fraction"": 0.83, ""favourable_move_bps"": 9.32}","[""O009147"", ""O009153"", ""O009176"", ""O009180"", ""O009185"", ""O009186"", ""O009187""]"
A-0094,LAYERING,T10,Nina Rossi,MM-ROSSI,SOL-PERP,2026-10-03T17:17:14Z,2026-10-03T17:17:45Z,2026-10-03T17:18:45Z,72,Nina Rossi placed 4 BUY orders (184.02 total) then SELL 31.35; 100% of the opposite orders cancelled,1,"{""opposite_orders"": 4, ""opposite_qty"": 184.02, ""exec_side"": ""SELL"", ""exec_qty"": 31.35, ""qty_ratio"": 5.87, ""cancel_fraction"": 1.0, ""favourable_move_bps"": -6.57}","[""O009227"", ""O009236"", ""O009242"", ""O009244"", ""O009245""]"
A-0095,LAYERING,T10,Nina Rossi,MM-ROSSI,BTC-PERP,2026-10-03T17:20:36Z,2026-10-03T17:21:20Z,2026-10-03T17:22:20Z,73,Nina Rossi placed 5 SELL orders (2.44 total) then BUY 0.218; 100% of the opposite orders cancelled,1,"{""opposite_orders"": 5, ""opposite_qty"": 2.44, ""exec_side"": ""BUY"", ""exec_qty"": 0.218, ""qty_ratio"": 11.19, ""cancel_fraction"": 1.0, ""favourable_move_bps"": -3.12}","[""O009354"", ""O009357"", ""O009362"", ""O009366"", ""O009371"", ""O009372""]"
A-0096,LAYERING,T02,Maya Ortiz,MM-ORTIZ,BTC-PERP,2026-10-03T17:22:01Z,2026-10-03T17:22:49Z,2026-10-03T17:23:49Z,70,Maya Ortiz placed 6 BUY orders (3.212 total) then SELL 0.796; 100% of the opposite orders cancelled,1,"{""opposite_orders"": 6, ""opposite_qty"": 3.212, ""exec_side"": ""SELL"", ""exec_qty"": 0.796, ""qty_ratio"": 4.04, ""cancel_fraction"": 1.0, ""favourable_move_bps"": 4.37}","[""O009410"", ""O009412"", ""O009415"", ""O009420"", ""O009423"", ""O009425"", ""O009426""]"
A-0097,LAYERING,T02,Maya Ortiz,MM-ORTIZ,ETH-PERP,2026-10-03T17:25:46Z,2026-10-03T17:26:45Z,2026-10-03T17:27:45Z,62,Maya Ortiz placed 4 SELL orders (9.78 total) then BUY 2.15; 100% of the opposite orders cancelled,1,"{""opposite_orders"": 4, ""opposite_qty"": 9.78, ""exec_side"": ""BUY"", ""exec_qty"": 2.15, ""qty_ratio"": 4.55, ""cancel_fraction"": 1.0, ""favourable_move_bps"": 0.1}","[""O009546"", ""O009549"", ""O009559"", ""O009563"", ""O009566""]"
A-0098,EXCESSIVE_CANCELS,T02,Maya Ortiz,MM-ORTIZ,ETH-PERP,2026-10-03T17:15:00Z,2026-10-03T17:30:00Z,2026-10-03T17:31:00Z,23,Maya Ortiz: 63/64 orders cancelled with 1 fills in 15 min,1,"{""new_orders"": 64, ""cancels"": 63, ""fills"": 1, ""cancel_ratio"": 0.984}",[]
A-0099,EXCESSIVE_CANCELS,T07,Omar Haddad,MM-HADDAD,ETH-PERP,2026-10-03T17:15:00Z,2026-10-03T17:30:00Z,2026-10-03T17:31:00Z,24,Omar Haddad: 81/82 orders cancelled with 1 fills in 15 min,1,"{""new_orders"": 82, ""cancels"": 81, ""fills"": 1, ""cancel_ratio"": 0.988}",[]
A-0100,EXCESSIVE_CANCELS,T07,Omar Haddad,MM-HADDAD,SOL-PERP,2026-10-03T17:15:00Z,2026-10-03T17:30:00Z,2026-10-03T17:31:00Z,22,Omar Haddad: 59/61 orders cancelled with 1 fills in 15 min,1,"{""new_orders"": 61, ""cancels"": 59, ""fills"": 1, ""cancel_ratio"": 0.967}",[]
A-0101,LAYERING,T02,Maya Ortiz,MM-ORTIZ,BTC-PERP,2026-10-03T17:35:26Z,2026-10-03T17:36:16Z,2026-10-03T17:37:16Z,99,Maya Ortiz placed 6 BUY orders (5.8 total) then SELL 0.485; 100% of the opposite orders cancelled,1,"{""opposite_orders"": 6, ""opposite_qty"": 5.8, ""exec_side"": ""SELL"", ""exec_qty"": 0.485, ""qty_ratio"": 11.96, ""cancel_fraction"": 1.0, ""favourable_move_bps"": 13.11}","[""O009902"", ""O009915"", ""O009918"", ""O009919"", ""O009937"", ""O009939"", ""O009940""]"
A-0102,LAYERING,T07,Omar Haddad,MM-HADDAD,SOL-PERP,2026-10-03T17:34:46Z,2026-10-03T17:36:36Z,2026-10-03T17:37:36Z,68,Omar Haddad placed 6 BUY orders (372.62 total) then SELL 68.79; 100% of the opposite orders cancelled,2,"{""opposite_orders"": 6, ""opposite_qty"": 372.62, ""exec_side"": ""SELL"", ""exec_qty"": 68.79, ""qty_ratio"": 5.42, ""cancel_fraction"": 1.0, ""favourable_move_bps"": -5.23}","[""O009867"", ""O009878"", ""O009892"", ""O009905"", ""O009909"", ""O009913"", ""O009914"", ""O009928"", ""O009943"", ""O009945"", ""O009946"", ""O009954""]"
A-0103,LAYERING,T02,Maya Ortiz,MM-ORTIZ,ETH-PERP,2026-10-03T17:35:16Z,2026-10-03T17:41:25Z,2026-10-03T17:42:25Z,89,Maya Ortiz placed 5 BUY orders (42.62 total) then SELL 3.63; 100% of the opposite orders cancelled,3,"{""opposite_orders"": 5, ""opposite_qty"": 42.62, ""exec_side"": ""SELL"", ""exec_qty"": 3.63, ""qty_ratio"": 50.14, ""cancel_fraction"": 1.0, ""favourable_move_bps"": 5.34}","[""O009888"", ""O009896"", ""O009907"", ""O009923"", ""O009930"", ""O009931"", ""O009997"", ""O009998"", ""O010026"", ""O010027"", ""O010028"", ""O010087"", ""O010091"", ""O010106"", ""O010116"", ""O010119"", ""O010120""]"
A-0104,LAYERING,T02,Maya Ortiz,MM-ORTIZ,BTC-PERP,2026-10-03T17:38:22Z,2026-10-03T17:41:25Z,2026-10-03T17:42:25Z,73,Maya Ortiz placed 6 BUY orders (2.955 total) then SELL 0.322; 100% of the opposite orders cancelled,2,"{""opposite_orders"": 6, ""opposite_qty"": 2.955, ""exec_side"": ""SELL"", ""exec_qty"": 0.322, ""qty_ratio"": 9.18, ""cancel_fraction"": 1.0, ""favourable_move_bps"": -0.23}","[""O010012"", ""O010019"", ""O010021"", ""O010030"", ""O010035"", ""O010038"", ""O010039"", ""O010078"", ""O010094"", ""O010108"", ""O010117"", ""O010118""]"
A-0105,LAYERING,T10,Nina Rossi,MM-ROSSI,BTC-PERP,2026-10-03T17:41:04Z,2026-10-03T17:41:43Z,2026-10-03T17:42:43Z,73,Nina Rossi placed 4 BUY orders (3.519 total) then SELL 0.287; 100% of the opposite orders cancelled,1,"{""opposite_orders"": 4, ""opposite_qty"": 3.519, ""exec_side"": ""SELL"", ""exec_qty"": 0.287, ""qty_ratio"": 12.26, ""cancel_fraction"": 1.0, ""favourable_move_bps"": -8.06}","[""O010102"", ""O010123"", ""O010139"", ""O010140"", ""O010141""]"
A-0106,LAYERING,T10,Nina Rossi,MM-ROSSI,SOL-PERP,2026-10-03T17:42:24Z,2026-10-03T17:43:17Z,2026-10-03T17:44:17Z,73,Nina Rossi placed 4 BUY orders (207.75 total) then SELL 27.53; 100% of the opposite orders cancelled,1,"{""opposite_orders"": 4, ""opposite_qty"": 207.75, ""exec_side"": ""SELL"", ""exec_qty"": 27.53, ""qty_ratio"": 7.55, ""cancel_fraction"": 1.0, ""favourable_move_bps"": -24.54}","[""O010160"", ""O010171"", ""O010195"", ""O010196"", ""O010202""]"
A-0107,LAYERING,T03,Tom Becker,LP-NOVA,NOVA-USDT,2026-10-03T17:44:10Z,2026-10-03T17:45:06Z,2026-10-03T17:46:06Z,88,Tom Becker placed 4 BUY orders (71881.0 total) then SELL 17647.0; 100% of the opposite orders cancelled,1,"{""opposite_orders"": 4, ""opposite_qty"": 71881.0, ""exec_side"": ""SELL"", ""exec_qty"": 17647.0, ""qty_ratio"": 4.07, ""cancel_fraction"": 1.0, ""favourable_move_bps"": 12.83}","[""O010234"", ""O010235"", ""O010259"", ""O010265"", ""O010266""]"
A-0108,LAYERING,T02,Maya Ortiz,MM-ORTIZ,BTC-PERP,2026-10-03T17:47:12Z,2026-10-03T17:48:14Z,2026-10-03T17:49:14Z,78,Maya Ortiz placed 7 BUY orders (2.893 total) then SELL 0.169; 100% of the opposite orders cancelled,1,"{""opposite_orders"": 7, ""opposite_qty"": 2.893, ""exec_side"": ""SELL"", ""exec_qty"": 0.169, ""qty_ratio"": 17.12, ""cancel_fraction"": 1.0, ""favourable_move_bps"": 1.64}","[""O010329"", ""O010330"", ""O010346"", ""O010349"", ""O010361"", ""O010363"", ""O010370"", ""O010371""]"
A-0109,LAYERING,T07,Omar Haddad,MM-HADDAD,ETH-PERP,2026-10-03T17:47:03Z,2026-10-03T17:48:58Z,2026-10-03T17:49:58Z,90,Omar Haddad placed 6 BUY orders (108.36 total) then SELL 32.05; 100% of the opposite orders cancelled,3,"{""opposite_orders"": 6, ""opposite_qty"": 108.36, ""exec_side"": ""SELL"", ""exec_qty"": 32.05, ""qty_ratio"": 20.37, ""cancel_fraction"": 1.0, ""favourable_move_bps"": 5.62}","[""O010323"", ""O010334"", ""O010336"", ""O010337"", ""O010338"", ""O010340"", ""O010345"", ""O010358"", ""O010359"", ""O010376"", ""O010377"", ""O010380"", ""O010381"", ""O010388"", ""O010389"", ""O010390"", ""O010401"", ""O010402""]"
A-0110,LAYERING,T08,Grace Liu,P-LIU,ETH-PERP,2026-10-03T17:50:26Z,2026-10-03T17:51:49Z,2026-10-03T17:52:49Z,57,Grace Liu placed 6 BUY orders (34.21 total) then SELL 8.95; 100% of the opposite orders cancelled,2,"{""opposite_orders"": 6, ""opposite_qty"": 34.21, ""exec_side"": ""SELL"", ""exec_qty"": 8.95, ""qty_ratio"": 4.03, ""cancel_fraction"": 1.0, ""favourable_move_bps"": -6.7}","[""O010480"", ""O010502"", ""O010503"", ""O010506"", ""O010507"", ""O010508"", ""O010511"", ""O010522""]"
A-0111,LAYERING,T10,Nina Rossi,MM-ROSSI,SOL-PERP,2026-10-03T17:50:59Z,2026-10-03T17:52:00Z,2026-10-03T17:53:00Z,98,Nina Rossi placed 5 BUY orders (71.91 total) then SELL 5.88; 100% of the opposite orders cancelled,1,"{""opposite_orders"": 5, ""opposite_qty"": 71.91, ""exec_side"": ""SELL"", ""exec_qty"": 5.88, ""qty_ratio"": 12.23, ""cancel_fraction"": 1.0, ""favourable_move_bps"": 8.18}","[""O010500"", ""O010514"", ""O010524"", ""O010531"", ""O010538"", ""O010544""]"
A-0112,LAYERING,T02,Maya Ortiz,MM-ORTIZ,ETH-PERP,2026-10-03T17:50:38Z,2026-10-03T17:53:16Z,2026-10-03T17:54:16Z,99,Maya Ortiz placed 7 SELL orders (56.35 total) then BUY 7.73; 100% of the opposite orders cancelled,4,"{""opposite_orders"": 7, ""opposite_qty"": 56.35, ""exec_side"": ""BUY"", ""exec_qty"": 7.73, ""qty_ratio"": 26.21, ""cancel_fraction"": 1.0, ""favourable_move_bps"": 16.57}","[""O010486"", ""O010497"", ""O010499"", ""O010509"", ""O010510"", ""O010516"", ""O010521"", ""O010529"", ""O010530"", ""O010539"", ""O010542"", ""O010543"", ""O010564"", ""O010565"", ""O010577"", ""O010592"", ""O010597"", ""O010598""]"
A-0113,LAYERING,T10,Nina Rossi,MM-ROSSI,BTC-PERP,2026-10-03T17:50:04Z,2026-10-03T17:53:37Z,2026-10-03T17:54:37Z,74,Nina Rossi placed 5 BUY orders (2.639 total) then SELL 0.243; 100% of the opposite orders cancelled,2,"{""opposite_orders"": 5, ""opposite_qty"": 2.639, ""exec_side"": ""SELL"", ""exec_qty"": 0.243, ""qty_ratio"": 42.56, ""cancel_fraction"": 1.0, ""favourable_move_bps"": 0.47}","[""O010463"", ""O010470"", ""O010477"", ""O010490"", ""O010491"", ""O010494"", ""O010578"", ""O010588"", ""O010596"", ""O010603"", ""O010607"", ""O010609""]"
A-0114,FRONT_RUNNING,T05,Sara Lind,FAC-LIND,BTC-PERP,2026-10-03T17:30:00Z,2026-10-03T17:58:46Z,2026-10-03T17:59:46Z,74,Sara Lind traded 1.533 BUY for FAC-LIND starting 42.8s after Westbrook Pension Fund order CO-1004 was received,15,"{""client_order_id"": ""CO-1004"", ""client"": ""Westbrook Pension Fund"", ""client_side"": ""BUY"", ""client_qty"": 40.0, ""handling_trader"": ""T05"", ""own_fills"": 15, ""own_qty"": 1.533, ""seconds_after_receipt"": 42.8}","[""O009724"", ""O009792"", ""O009865"", ""O009966"", ""O010025"", ""O010093"", ""O010181"", ""O010250"", ""O010321"", ""O010398"", ""O010487"", ""O010584"", ""O010668"", ""O010759"", ""O010817""]"
A-0115,EXCESSIVE_CANCELS,T02,Maya Ortiz,MM-ORTIZ,BTC-PERP,2026-10-03T17:45:00Z,2026-10-03T18:00:00Z,2026-10-03T18:01:00Z,22,Maya Ortiz: 72/74 orders cancelled with 1 fills in 15 min,1,"{""new_orders"": 74, ""cancels"": 72, ""fills"": 1, ""cancel_ratio"": 0.973}",[]
A-0116,EXCESSIVE_CANCELS,T07,Omar Haddad,MM-HADDAD,SOL-PERP,2026-10-03T17:45:00Z,2026-10-03T18:00:00Z,2026-10-03T18:01:00Z,25,Omar Haddad: 81/81 orders cancelled with 0 fills in 15 min,1,"{""new_orders"": 81, ""cancels"": 81, ""fills"": 0, ""cancel_ratio"": 1.0}",[]
A-0117,LAYERING,T07,Omar Haddad,MM-HADDAD,SOL-PERP,2026-10-03T18:00:15Z,2026-10-03T18:01:05Z,2026-10-03T18:02:05Z,51,Omar Haddad placed 5 SELL orders (116.56 total) then BUY 35.64; 100% of the opposite orders cancelled,1,"{""opposite_orders"": 5, ""opposite_qty"": 116.56, ""exec_side"": ""BUY"", ""exec_qty"": 35.64, ""qty_ratio"": 3.27, ""cancel_fraction"": 1.0, ""favourable_move_bps"": -4.59}","[""O010862"", ""O010866"", ""O010872"", ""O010891"", ""O010892"", ""O010894""]"
A-0118,LAYERING,T08,Grace Liu,P-LIU,BTC-PERP,2026-10-03T18:03:13Z,2026-10-03T18:03:42Z,2026-10-03T18:04:42Z,60,Grace Liu placed 5 BUY orders (0.59 total) then SELL 0.19; 100% of the opposite orders cancelled,1,"{""opposite_orders"": 5, ""opposite_qty"": 0.59, ""exec_side"": ""SELL"", ""exec_qty"": 0.19, ""qty_ratio"": 3.11, ""cancel_fraction"": 1.0, ""favourable_move_bps"": 3.42}","[""O010976"", ""O010979"", ""O010981"", ""O010985"", ""O010993"", ""O010995""]"
A-0119,LAYERING,T02,Maya Ortiz,MM-ORTIZ,BTC-PERP,2026-10-03T18:03:10Z,2026-10-03T18:04:08Z,2026-10-03T18:05:08Z,80,Maya Ortiz placed 6 BUY orders (4.32 total) then SELL 0.356; 100% of the opposite orders cancelled,1,"{""opposite_orders"": 6, ""opposite_qty"": 4.32, ""exec_side"": ""SELL"", ""exec_qty"": 0.356, ""qty_ratio"": 12.13, ""cancel_fraction"": 1.0, ""favourable_move_bps"": 2.33}","[""O010973"", ""O010982"", ""O010984"", ""O010997"", ""O011005"", ""O011006"", ""O011008""]"
A-0120,LAYERING,T07,Omar Haddad,MM-HADDAD,ETH-PERP,2026-10-03T18:02:40Z,2026-10-03T18:05:13Z,2026-10-03T18:06:13Z,93,Omar Haddad placed 5 SELL orders (15.57 total) then BUY 0.64; 100% of the opposite orders cancelled,2,"{""opposite_orders"": 5, ""opposite_qty"": 15.57, ""exec_side"": ""BUY"", ""exec_qty"": 0.64, ""qty_ratio"": 24.95, ""cancel_fraction"": 1.0, ""favourable_move_bps"": 6.76}","[""O010958"", ""O010967"", ""O010970"", ""O010980"", ""O010983"", ""O010989"", ""O011031"", ""O011034"", ""O011064"", ""O011065"", ""O011070""]"
A-0121,LAYERING,T01,Dan Kessler,P-KESSLER,BTC-PERP,2026-10-03T18:05:00Z,2026-10-03T18:05:54Z,2026-10-03T18:06:54Z,78,Dan Kessler placed 4 BUY orders (11.878 total) then SELL 1.169; 100% of the opposite orders cancelled,2,"{""opposite_orders"": 4, ""opposite_qty"": 11.878, ""exec_side"": ""SELL"", ""exec_qty"": 1.169, ""qty_ratio"": 22.97, ""cancel_fraction"": 1.0, ""favourable_move_bps"": 1.71}","[""O011062"", ""O011063"", ""O011066"", ""O011067"", ""O011076"", ""O011099""]"
A-0122,LAYERING,T10,Nina Rossi,MM-ROSSI,SOL-PERP,2026-10-03T18:07:55Z,2026-10-03T18:08:53Z,2026-10-03T18:09:53Z,73,Nina Rossi placed 4 SELL orders (76.2 total) then BUY 10.48; 100% of the opposite orders cancelled,1,"{""opposite_orders"": 4, ""opposite_qty"": 76.2, ""exec_side"": ""BUY"", ""exec_qty"": 10.48, ""qty_ratio"": 7.27, ""cancel_fraction"": 1.0, ""favourable_move_bps"": -9.82}","[""O011164"", ""O011170"", ""O011180"", ""O011182"", ""O011190""]"
A-0123,LAYERING,T02,Maya Ortiz,MM-ORTIZ,BTC-PERP,2026-10-03T18:09:58Z,2026-10-03T18:10:44Z,2026-10-03T18:11:44Z,74,Maya Ortiz placed 4 BUY orders (1.904 total) then SELL 0.071; 100% of the opposite orders cancelled,1,"{""opposite_orders"": 4, ""opposite_qty"": 1.904, ""exec_side"": ""SELL"", ""exec_qty"": 0.071, ""qty_ratio"": 26.82, ""cancel_fraction"": 1.0, ""favourable_move_bps"": 0.35}","[""O011221"", ""O011237"", ""O011240"", ""O011247"", ""O011248""]"
A-0124,LAYERING,T10,Nina Rossi,MM-ROSSI,BTC-PERP,2026-10-03T18:12:12Z,2026-10-03T18:13:04Z,2026-10-03T18:14:04Z,73,Nina Rossi placed 4 BUY orders (3.28 total) then SELL 0.165; 100% of the opposite orders cancelled,1,"{""opposite_orders"": 4, ""opposite_qty"": 3.28, ""exec_side"": ""SELL"", ""exec_qty"": 0.165, ""qty_ratio"": 19.88, ""cancel_fraction"": 1.0, ""favourable_move_bps"": -1.05}","[""O011297"", ""O011299"", ""O011321"", ""O011328"", ""O011329""]"
A-0125,LAYERING,T07,Omar Haddad,MM-HADDAD,SOL-PERP,2026-10-03T18:14:48Z,2026-10-03T18:15:39Z,2026-10-03T18:16:39Z,86,Omar Haddad placed 4 SELL orders (43.36 total) then BUY 5.43; 100% of the opposite orders cancelled,1,"{""opposite_orders"": 4, ""opposite_qty"": 43.36, ""exec_side"": ""BUY"", ""exec_qty"": 5.43, ""qty_ratio"": 7.99, ""cancel_fraction"": 1.0, ""favourable_move_bps"": 4.25}","[""O011386"", ""O011404"", ""O011406"", ""O011422"", ""O011423""]"
A-0126,LAYERING,T02,Maya Ortiz,MM-ORTIZ,BTC-PERP,2026-10-03T18:15:36Z,2026-10-03T18:16:28Z,2026-10-03T18:17:28Z,80,Maya Ortiz placed 5 SELL orders (2.289 total) then BUY 0.738; 100% of the opposite orders cancelled,1,"{""opposite_orders"": 5, ""opposite_qty"": 2.289, ""exec_side"": ""BUY"", ""exec_qty"": 0.738, ""qty_ratio"": 3.1, ""cancel_fraction"": 1.0, ""favourable_move_bps"": 11.29}","[""O011425"", ""O011432"", ""O011434"", ""O011442"", ""O011453"", ""O011454""]"
A-0127,LAYERING,T10,Nina Rossi,MM-ROSSI,BTC-PERP,2026-10-03T18:15:31Z,2026-10-03T18:16:33Z,2026-10-03T18:17:33Z,99,Nina Rossi placed 5 SELL orders (2.974 total) then BUY 0.447; 100% of the opposite orders cancelled,1,"{""opposite_orders"": 5, ""opposite_qty"": 2.974, ""exec_side"": ""BUY"", ""exec_qty"": 0.447, ""qty_ratio"": 6.65, ""cancel_fraction"": 1.0, ""favourable_move_bps"": 9.03}","[""O011418"", ""O011440"", ""O011445"", ""O011448"", ""O011451"", ""O011452""]"
A-0128,LAYERING,T10,Nina Rossi,MM-ROSSI,BTC-PERP,2026-10-03T18:19:06Z,2026-10-03T18:19:32Z,2026-10-03T18:20:32Z,63,Nina Rossi placed 4 SELL orders (1.312 total) then BUY 0.37; 100% of the opposite orders cancelled,1,"{""opposite_orders"": 4, ""opposite_qty"": 1.312, ""exec_side"": ""BUY"", ""exec_qty"": 0.37, ""qty_ratio"": 3.55, ""cancel_fraction"": 1.0, ""favourable_move_bps"": 3.31}","[""O011534"", ""O011539"", ""O011540"", ""O011542"", ""O011552""]"
A-0129,LAYERING,T10,Nina Rossi,MM-ROSSI,SOL-PERP,2026-10-03T18:18:52Z,2026-10-03T18:19:32Z,2026-10-03T18:20:32Z,99,Nina Rossi placed 4 SELL orders (152.59 total) then BUY 14.96; 100% of the opposite orders cancelled,1,"{""opposite_orders"": 4, ""opposite_qty"": 152.59, ""exec_side"": ""BUY"", ""exec_qty"": 14.96, ""qty_ratio"": 10.2, ""cancel_fraction"": 1.0, ""favourable_move_bps"": 22.83}","[""O011526"", ""O011536"", ""O011538"", ""O011541"", ""O011550""]"
A-0130,LAYERING,T10,Nina Rossi,MM-ROSSI,SOL-PERP,2026-10-03T18:21:44Z,2026-10-03T18:22:39Z,2026-10-03T18:23:39Z,97,Nina Rossi placed 4 BUY orders (193.77 total) then SELL 13.43; 100% of the opposite orders cancelled,1,"{""opposite_orders"": 4, ""opposite_qty"": 193.77, ""exec_side"": ""SELL"", ""exec_qty"": 13.43, ""qty_ratio"": 14.43, ""cancel_fraction"": 1.0, ""favourable_move_bps"": 8.16}","[""O011619"", ""O011620"", ""O011621"", ""O011632"", ""O011633""]"
A-0131,LAYERING,T09,Ben Okafor,P-OKAFOR,SOL-PERP,2026-10-03T18:23:49Z,2026-10-03T18:24:52Z,2026-10-03T18:25:52Z,68,Ben Okafor placed 6 BUY orders (151.21 total) then SELL 27.95; 83% of the opposite orders cancelled,1,"{""opposite_orders"": 6, ""opposite_qty"": 151.21, ""exec_side"": ""SELL"", ""exec_qty"": 27.95, ""qty_ratio"": 5.41, ""cancel_fraction"": 0.83, ""favourable_move_bps"": -4.56}","[""O011674"", ""O011695"", ""O011696"", ""O011698"", ""O011700"", ""O011702"", ""O011705""]"
A-0132,LAYERING,T07,Omar Haddad,MM-HADDAD,ETH-PERP,2026-10-03T18:28:08Z,2026-10-03T18:29:02Z,2026-10-03T18:30:02Z,73,Omar Haddad placed 5 SELL orders (18.29 total) then BUY 1.54; 100% of the opposite orders cancelled,1,"{""opposite_orders"": 5, ""opposite_qty"": 18.29, ""exec_side"": ""BUY"", ""exec_qty"": 1.54, ""qty_ratio"": 11.88, ""cancel_fraction"": 1.0, ""favourable_move_bps"": -3.88}","[""O011851"", ""O011869"", ""O011887"", ""O011888"", ""O011890"", ""O011895""]"
A-0133,LAYERING,T07,Omar Haddad,MM-HADDAD,SOL-PERP,2026-10-03T18:25:48Z,2026-10-03T18:30:47Z,2026-10-03T18:31:47Z,99,Omar Haddad placed 6 SELL orders (231.27 total) then BUY 18.8; 100% of the opposite orders cancelled,4,"{""opposite_orders"": 6, ""opposite_qty"": 231.27, ""exec_side"": ""BUY"", ""exec_qty"": 18.8, ""qty_ratio"": 32.79, ""cancel_fraction"": 1.0, ""favourable_move_bps"": 10.08}","[""O011756"", ""O011766"", ""O011767"", ""O011773"", ""O011774"", ""O011788"", ""O011791"", ""O011793"", ""O011810"", ""O011821"", ""O011822"", ""O011882"", ""O011885"", ""O011892"", ""O011896"", ""O011910"", ""O011914"", ""O011915"", ""O011924"", ""O011937"", ""O011948"", ""O011953"", ""O011954""]"
A-0134,LAYERING,T07,Omar Haddad,MM-HADDAD,ETH-PERP,2026-10-03T18:31:55Z,2026-10-03T18:32:40Z,2026-10-03T18:33:40Z,73,Omar Haddad placed 5 BUY orders (33.39 total) then SELL 0.85; 100% of the opposite orders cancelled,1,"{""opposite_orders"": 5, ""opposite_qty"": 33.39, ""exec_side"": ""SELL"", ""exec_qty"": 0.85, ""qty_ratio"": 39.28, ""cancel_fraction"": 1.0, ""favourable_move_bps"": -1.69}","[""O011987"", ""O011991"", ""O011998"", ""O012000"", ""O012013"", ""O012014""]"
A-0135,LAYERING,T07,Omar Haddad,MM-HADDAD,ETH-PERP,2026-10-03T18:36:55Z,2026-10-03T18:39:48Z,2026-10-03T18:40:48Z,84,Omar Haddad placed 9 BUY orders (39.71 total) then SELL 4.54; 89% of the opposite orders cancelled,4,"{""opposite_orders"": 9, ""opposite_qty"": 39.71, ""exec_side"": ""SELL"", ""exec_qty"": 4.54, ""qty_ratio"": 17.34, ""cancel_fraction"": 0.89, ""favourable_move_bps"": 3.57}","[""O012158"", ""O012170"", ""O012180"", ""O012181"", ""O012182"", ""O012185"", ""O012186"", ""O012189"", ""O012205"", ""O012213"", ""O012215"", ""O012221"", ""O012222"", ""O012228"", ""O012241"", ""O012242"", ""O012257"", ""O012273"", ""O012274"", ""O012275""]"
A-0136,EXCESSIVE_CANCELS,T02,Maya Ortiz,MM-ORTIZ,ETH-PERP,2026-10-03T18:30:00Z,2026-10-03T18:45:00Z,2026-10-03T18:46:00Z,24,Maya Ortiz: 70/71 orders cancelled with 1 fills in 15 min,1,"{""new_orders"": 71, ""cancels"": 70, ""fills"": 1, ""cancel_ratio"": 0.986}",[]
A-0137,LAYERING,T02,Maya Ortiz,MM-ORTIZ,ETH-PERP,2026-10-03T18:43:49Z,2026-10-03T18:46:18Z,2026-10-03T18:47:18Z,81,Maya Ortiz placed 5 BUY orders (31.34 total) then SELL 2.82; 100% of the opposite orders cancelled,2,"{""opposite_orders"": 5, ""opposite_qty"": 31.34, ""exec_side"": ""SELL"", ""exec_qty"": 2.82, ""qty_ratio"": 60.27, ""cancel_fraction"": 1.0, ""favourable_move_bps"": 2.58}","[""O012408"", ""O012418"", ""O012423"", ""O012435"", ""O012437"", ""O012438"", ""O012468"", ""O012474"", ""O012491"", ""O012492"", ""O012493""]"
A-0138,LAYERING,T07,Omar Haddad,MM-HADDAD,SOL-PERP,2026-10-03T18:47:14Z,2026-10-03T18:48:09Z,2026-10-03T18:49:09Z,77,Omar Haddad placed 5 SELL orders (52.99 total) then BUY 6.93; 100% of the opposite orders cancelled,1,"{""opposite_orders"": 5, ""opposite_qty"": 52.99, ""exec_side"": ""BUY"", ""exec_qty"": 6.93, ""qty_ratio"": 7.65, ""cancel_fraction"": 1.0, ""favourable_move_bps"": 1.3}","[""O012534"", ""O012551"", ""O012552"", ""O012556"", ""O012562"", ""O012568""]"
A-0139,LAYERING,T07,Omar Haddad,MM-HADDAD,SOL-PERP,2026-10-03T18:52:33Z,2026-10-03T18:53:42Z,2026-10-03T18:54:42Z,53,Omar Haddad placed 7 BUY orders (170.22 total) then SELL 48.29; 100% of the opposite orders cancelled,1,"{""opposite_orders"": 7, ""opposite_qty"": 170.22, ""exec_side"": ""SELL"", ""exec_qty"": 48.29, ""qty_ratio"": 3.52, ""cancel_fraction"": 1.0, ""favourable_move_bps"": -8.73}","[""O012708"", ""O012719"", ""O012726"", ""O012728"", ""O012743"", ""O012745"", ""O012749"", ""O012750""]"
A-0140,LAYERING,T07,Omar Haddad,MM-HADDAD,ETH-PERP,2026-10-03T18:54:43Z,2026-10-03T18:55:41Z,2026-10-03T18:56:41Z,96,Omar Haddad placed 4 SELL orders (36.02 total) then BUY 3.56; 100% of the opposite orders cancelled,1,"{""opposite_orders"": 4, ""opposite_qty"": 36.02, ""exec_side"": ""BUY"", ""exec_qty"": 3.56, ""qty_ratio"": 10.12, ""cancel_fraction"": 1.0, ""favourable_move_bps"": 7.66}","[""O012792"", ""O012812"", ""O012821"", ""O012823"", ""O012824""]"
A-0141,LAYERING,T02,Maya Ortiz,MM-ORTIZ,BTC-PERP,2026-10-03T18:56:18Z,2026-10-03T18:57:11Z,2026-10-03T18:58:11Z,64,Maya Ortiz placed 4 SELL orders (4.222 total) then BUY 0.874; 100% of the opposite orders cancelled,1,"{""opposite_orders"": 4, ""opposite_qty"": 4.222, ""exec_side"": ""BUY"", ""exec_qty"": 0.874, ""qty_ratio"": 4.83, ""cancel_fraction"": 1.0, ""favourable_move_bps"": -3.93}","[""O012846"", ""O012853"", ""O012859"", ""O012870"", ""O012871""]"
A-0142,EXCESSIVE_CANCELS,T10,Nina Rossi,MM-ROSSI,SOL-PERP,2026-10-03T18:45:00Z,2026-10-03T19:00:00Z,2026-10-03T19:01:00Z,23,Nina Rossi: 62/63 orders cancelled with 1 fills in 15 min,1,"{""new_orders"": 63, ""cancels"": 62, ""fills"": 1, ""cancel_ratio"": 0.984}",[]
A-0143,LAYERING,T07,Omar Haddad,MM-HADDAD,SOL-PERP,2026-10-03T18:59:16Z,2026-10-03T19:00:55Z,2026-10-03T19:01:55Z,99,Omar Haddad placed 10 BUY orders (483.23 total) then SELL 44.95; 100% of the opposite orders cancelled,2,"{""opposite_orders"": 10, ""opposite_qty"": 483.23, ""exec_side"": ""SELL"", ""exec_qty"": 44.95, ""qty_ratio"": 37.59, ""cancel_fraction"": 1.0, ""favourable_move_bps"": 17.1}","[""O012952"", ""O012954"", ""O012959"", ""O012962"", ""O012968"", ""O012974"", ""O012976"", ""O012985"", ""O012990"", ""O012994"", ""O012995"", ""O012997"", ""O012999"", ""O013007"", ""O013011"", ""O013026"", ""O013032""]"
A-0144,LAYERING,T10,Nina Rossi,MM-ROSSI,SOL-PERP,2026-10-03T19:00:18Z,2026-10-03T19:01:11Z,2026-10-03T19:02:11Z,99,Nina Rossi placed 7 SELL orders (139.97 total) then BUY 11.32; 86% of the opposite orders cancelled,1,"{""opposite_orders"": 7, ""opposite_qty"": 139.97, ""exec_side"": ""BUY"", ""exec_qty"": 11.32, ""qty_ratio"": 12.36, ""cancel_fraction"": 0.86, ""favourable_move_bps"": 9.98}","[""O013001"", ""O013014"", ""O013022"", ""O013024"", ""O013034"", ""O013035"", ""O013036"", ""O013050""]"
A-0145,LAYERING,T09,Ben Okafor,P-OKAFOR,ETH-PERP,2026-10-03T19:08:03Z,2026-10-03T19:08:31Z,2026-10-03T19:09:31Z,53,Ben Okafor placed 5 BUY orders (46.25 total) then SELL 14.4; 100% of the opposite orders cancelled,1,"{""opposite_orders"": 5, ""opposite_qty"": 46.25, ""exec_side"": ""SELL"", ""exec_qty"": 14.4, ""qty_ratio"": 3.21, ""cancel_fraction"": 1.0, ""favourable_move_bps"": 0.79}","[""O013292"", ""O013295"", ""O013298"", ""O013301"", ""O013302"", ""O013310""]"
A-0146,LAYERING,T02,Maya Ortiz,MM-ORTIZ,BTC-PERP,2026-10-03T19:07:22Z,2026-10-03T19:08:46Z,2026-10-03T19:09:46Z,73,Maya Ortiz placed 4 SELL orders (3.191 total) then BUY 0.09; 100% of the opposite orders cancelled,2,"{""opposite_orders"": 4, ""opposite_qty"": 3.191, ""exec_side"": ""BUY"", ""exec_qty"": 0.09, ""qty_ratio"": 44.94, ""cancel_fraction"": 1.0, ""favourable_move_bps"": -1.48}","[""O013270"", ""O013277"", ""O013286"", ""O013289"", ""O013290"", ""O013312"", ""O013313"", ""O013321""]"
A-0147,LAYERING,T02,Maya Ortiz,MM-ORTIZ,ETH-PERP,2026-10-03T19:09:01Z,2026-10-03T19:09:52Z,2026-10-03T19:10:52Z,73,Maya Ortiz placed 4 BUY orders (13.49 total) then SELL 0.71; 100% of the opposite orders cancelled,1,"{""opposite_orders"": 4, ""opposite_qty"": 13.49, ""exec_side"": ""SELL"", ""exec_qty"": 0.71, ""qty_ratio"": 19.0, ""cancel_fraction"": 1.0, ""favourable_move_bps"": -2.58}","[""O013332"", ""O013346"", ""O013349"", ""O013353"", ""O013354""]"
A-0148,WASH_TRADE,T05,Sara Lind,C-CALDER-I<->C-CALDER-II,BTC-PERP,2026-10-03T19:10:00Z,2026-10-03T19:12:43Z,2026-10-03T19:13:43Z,70,"4 crosses between C-CALDER-I<->C-CALDER-II (both controlled by Calder Asset Management), 120.0 total",4,"{""crosses"": 4, ""qty"": 120.0, ""controlled_by"": ""Calder Asset Management""}","[""O013365"", ""O013402"", ""O013429"", ""O013456""]"
A-0149,EXCESSIVE_CANCELS,T10,Nina Rossi,MM-ROSSI,BTC-PERP,2026-10-03T19:00:00Z,2026-10-03T19:15:00Z,2026-10-03T19:16:00Z,23,Nina Rossi: 84/86 orders cancelled with 1 fills in 15 min,1,"{""new_orders"": 86, ""cancels"": 84, ""fills"": 1, ""cancel_ratio"": 0.977}",[]
A-0150,LAYERING,T02,Maya Ortiz,MM-ORTIZ,ETH-PERP,2026-10-03T19:14:06Z,2026-10-03T19:15:03Z,2026-10-03T19:16:03Z,73,Maya Ortiz placed 5 BUY orders (18.29 total) then SELL 0.62; 100% of the opposite orders cancelled,1,"{""opposite_orders"": 5, ""opposite_qty"": 18.29, ""exec_side"": ""SELL"", ""exec_qty"": 0.62, ""qty_ratio"": 29.5, ""cancel_fraction"": 1.0, ""favourable_move_bps"": -2.78}","[""O013502"", ""O013507"", ""O013508"", ""O013520"", ""O013526"", ""O013527""]"
A-0151,LAYERING,T10,Nina Rossi,MM-ROSSI,BTC-PERP,2026-10-03T19:19:55Z,2026-10-03T19:20:36Z,2026-10-03T19:21:36Z,73,Nina Rossi placed 4 SELL orders (1.493 total) then BUY 0.109; 100% of the opposite orders cancelled,1,"{""opposite_orders"": 4, ""opposite_qty"": 1.493, ""exec_side"": ""BUY"", ""exec_qty"": 0.109, ""qty_ratio"": 13.7, ""cancel_fraction"": 1.0, ""favourable_move_bps"": -5.76}","[""O013699"", ""O013703"", ""O013707"", ""O013709"", ""O013718""]"
A-0152,EXCESSIVE_CANCELS,T07,Omar Haddad,MM-HADDAD,ETH-PERP,2026-10-03T19:15:00Z,2026-10-03T19:30:00Z,2026-10-03T19:31:00Z,23,Omar Haddad: 54/55 orders cancelled with 1 fills in 15 min,1,"{""new_orders"": 55, ""cancels"": 54, ""fills"": 1, ""cancel_ratio"": 0.982}",[]
A-0153,LAYERING,T10,Nina Rossi,MM-ROSSI,SOL-PERP,2026-10-03T19:35:19Z,2026-10-03T19:36:01Z,2026-10-03T19:37:01Z,98,Nina Rossi placed 5 SELL orders (222.14 total) then BUY 8.96; 100% of the opposite orders cancelled,1,"{""opposite_orders"": 5, ""opposite_qty"": 222.14, ""exec_side"": ""BUY"", ""exec_qty"": 8.96, ""qty_ratio"": 24.79, ""cancel_fraction"": 1.0, ""favourable_move_bps"": 8.34}","[""O014207"", ""O014218"", ""O014231"", ""O014232"", ""O014233"", ""O014239""]"
A-0154,LAYERING,T02,Maya Ortiz,MM-ORTIZ,ETH-PERP,2026-10-03T19:38:05Z,2026-10-03T19:39:00Z,2026-10-03T19:40:00Z,87,Maya Ortiz placed 5 SELL orders (36.0 total) then BUY 0.52; 100% of the opposite orders cancelled,1,"{""opposite_orders"": 5, ""opposite_qty"": 36.0, ""exec_side"": ""BUY"", ""exec_qty"": 0.52, ""qty_ratio"": 69.23, ""cancel_fraction"": 1.0, ""favourable_move_bps"": 4.7}","[""O014318"", ""O014320"", ""O014333"", ""O014344"", ""O014345"", ""O014346""]"
A-0155,LAYERING,T02,Maya Ortiz,MM-ORTIZ,BTC-PERP,2026-10-03T19:40:59Z,2026-10-03T19:41:51Z,2026-10-03T19:42:51Z,85,Maya Ortiz placed 4 BUY orders (0.795 total) then SELL 0.167; 100% of the opposite orders cancelled,2,"{""opposite_orders"": 4, ""opposite_qty"": 0.795, ""exec_side"": ""SELL"", ""exec_qty"": 0.167, ""qty_ratio"": 10.89, ""cancel_fraction"": 1.0, ""favourable_move_bps"": 3.96}","[""O014429"", ""O014445"", ""O014456"", ""O014457"", ""O014458"", ""O014459""]"
A-0156,LAYERING,T10,Nina Rossi,MM-ROSSI,SOL-PERP,2026-10-03T19:41:26Z,2026-10-03T19:42:06Z,2026-10-03T19:43:06Z,94,Nina Rossi placed 6 SELL orders (128.05 total) then BUY 15.33; 100% of the opposite orders cancelled,2,"{""opposite_orders"": 6, ""opposite_qty"": 128.05, ""exec_side"": ""BUY"", ""exec_qty"": 15.33, ""qty_ratio"": 11.42, ""cancel_fraction"": 1.0, ""favourable_move_bps"": 7.07}","[""O014443"", ""O014448"", ""O014461"", ""O014463"", ""O014464"", ""O014465"", ""O014477"", ""O014478""]"
A-0157,LAYERING,T10,Nina Rossi,MM-ROSSI,BTC-PERP,2026-10-03T19:42:57Z,2026-10-03T19:44:01Z,2026-10-03T19:45:01Z,88,Nina Rossi placed 6 BUY orders (5.293 total) then SELL 0.552; 83% of the opposite orders cancelled,2,"{""opposite_orders"": 6, ""opposite_qty"": 5.293, ""exec_side"": ""SELL"", ""exec_qty"": 0.552, ""qty_ratio"": 19.68, ""cancel_fraction"": 0.83, ""favourable_move_bps"": 4.86}","[""O014511"", ""O014515"", ""O014521"", ""O014522"", ""O014529"", ""O014533"", ""O014534"", ""O014535"", ""O014536"", ""O014539"", ""O014540"", ""O014541""]"
A-0158,LAYERING,T10,Nina Rossi,MM-ROSSI,SOL-PERP,2026-10-03T19:44:45Z,2026-10-03T19:45:41Z,2026-10-03T19:46:41Z,58,Nina Rossi placed 4 SELL orders (103.74 total) then BUY 25.21; 100% of the opposite orders cancelled,1,"{""opposite_orders"": 4, ""opposite_qty"": 103.74, ""exec_side"": ""BUY"", ""exec_qty"": 25.21, ""qty_ratio"": 4.12, ""cancel_fraction"": 1.0, ""favourable_move_bps"": -8.69}","[""O014589"", ""O014607"", ""O014608"", ""O014609"", ""O014611""]"
A-0159,LAYERING,T02,Maya Ortiz,MM-ORTIZ,BTC-PERP,2026-10-03T19:45:02Z,2026-10-03T19:45:52Z,2026-10-03T19:46:52Z,73,Maya Ortiz placed 5 SELL orders (2.572 total) then BUY 0.164; 100% of the opposite orders cancelled,1,"{""opposite_orders"": 5, ""opposite_qty"": 2.572, ""exec_side"": ""BUY"", ""exec_qty"": 0.164, ""qty_ratio"": 15.68, ""cancel_fraction"": 1.0, ""favourable_move_bps"": -2.59}","[""O014601"", ""O014603"", ""O014606"", ""O014617"", ""O014620"", ""O014621""]"
A-0160,LAYERING,T10,Nina Rossi,MM-ROSSI,SOL-PERP,2026-10-03T19:47:51Z,2026-10-03T19:49:52Z,2026-10-03T19:50:52Z,99,Nina Rossi placed 5 SELL orders (186.72 total) then BUY 58.98; 100% of the opposite orders cancelled,3,"{""opposite_orders"": 5, ""opposite_qty"": 186.72, ""exec_side"": ""BUY"", ""exec_qty"": 58.98, ""qty_ratio"": 11.11, ""cancel_fraction"": 1.0, ""favourable_move_bps"": 13.53}","[""O014682"", ""O014693"", ""O014704"", ""O014713"", ""O014714"", ""O014724"", ""O014729"", ""O014742"", ""O014751"", ""O014758"", ""O014767"", ""O014770"", ""O014771""]"
A-0161,LAYERING,T02,Maya Ortiz,MM-ORTIZ,ETH-PERP,2026-10-03T19:52:31Z,2026-10-03T19:53:35Z,2026-10-03T19:54:35Z,64,Maya Ortiz placed 5 SELL orders (20.75 total) then BUY 4.21; 100% of the opposite orders cancelled,1,"{""opposite_orders"": 5, ""opposite_qty"": 20.75, ""exec_side"": ""BUY"", ""exec_qty"": 4.21, ""qty_ratio"": 4.93, ""cancel_fraction"": 1.0, ""favourable_move_bps"": -5.99}","[""O014864"", ""O014871"", ""O014878"", ""O014890"", ""O014894"", ""O014895""]"
A-0162,EXCESSIVE_CANCELS,T02,Maya Ortiz,MM-ORTIZ,BTC-PERP,2026-10-03T19:45:00Z,2026-10-03T20:00:00Z,2026-10-03T20:01:00Z,24,Maya Ortiz: 81/82 orders cancelled with 1 fills in 15 min,1,"{""new_orders"": 82, ""cancels"": 81, ""fills"": 1, ""cancel_ratio"": 0.988}",[]
A-0163,EXCESSIVE_CANCELS,T07,Omar Haddad,MM-HADDAD,ETH-PERP,2026-10-03T19:45:00Z,2026-10-03T20:00:00Z,2026-10-03T20:01:00Z,23,Omar Haddad: 52/53 orders cancelled with 1 fills in 15 min,1,"{""new_orders"": 53, ""cancels"": 52, ""fills"": 1, ""cancel_ratio"": 0.981}",[]
A-0164,LAYERING,T07,Omar Haddad,MM-HADDAD,ETH-PERP,2026-10-03T20:07:13Z,2026-10-03T20:08:01Z,2026-10-03T20:09:01Z,72,Omar Haddad placed 4 BUY orders (16.3 total) then SELL 4.24; 100% of the opposite orders cancelled,1,"{""opposite_orders"": 4, ""opposite_qty"": 16.3, ""exec_side"": ""SELL"", ""exec_qty"": 4.24, ""qty_ratio"": 3.84, ""cancel_fraction"": 1.0, ""favourable_move_bps"": 5.27}","[""O015334"", ""O015336"", ""O015349"", ""O015354"", ""O015355""]"
A-0165,LAYERING,T02,Maya Ortiz,MM-ORTIZ,BTC-PERP,2026-10-03T20:10:24Z,2026-10-03T20:12:43Z,2026-10-03T20:13:43Z,82,Maya Ortiz placed 6 SELL orders (2.456 total) then BUY 0.117; 100% of the opposite orders cancelled,2,"{""opposite_orders"": 6, ""opposite_qty"": 2.456, ""exec_side"": ""BUY"", ""exec_qty"": 0.117, ""qty_ratio"": 20.99, ""cancel_fraction"": 1.0, ""favourable_move_bps"": 2.85}","[""O015431"", ""O015435"", ""O015441"", ""O015443"", ""O015452"", ""O015455"", ""O015463"", ""O015490"", ""O015495"", ""O015499"", ""O015507"", ""O015516"", ""O015517""]"
A-0166,EXCESSIVE_CANCELS,T10,Nina Rossi,MM-ROSSI,BTC-PERP,2026-10-03T20:00:00Z,2026-10-03T20:15:00Z,2026-10-03T20:16:00Z,24,Nina Rossi: 72/73 orders cancelled with 1 fills in 15 min,1,"{""new_orders"": 73, ""cancels"": 72, ""fills"": 1, ""cancel_ratio"": 0.986}",[]
A-0167,LAYERING,T10,Nina Rossi,MM-ROSSI,SOL-PERP,2026-10-03T20:19:32Z,2026-10-03T20:20:39Z,2026-10-03T20:21:39Z,89,Nina Rossi placed 6 BUY orders (163.77 total) then SELL 12.27; 100% of the opposite orders cancelled,1,"{""opposite_orders"": 6, ""opposite_qty"": 163.77, ""exec_side"": ""SELL"", ""exec_qty"": 12.27, ""qty_ratio"": 13.35, ""cancel_fraction"": 1.0, ""favourable_move_bps"": 5.2}","[""O015727"", ""O015734"", ""O015743"", ""O015744"", ""O015754"", ""O015758"", ""O015759""]"
A-0168,LAYERING,T02,Maya Ortiz,MM-ORTIZ,ETH-PERP,2026-10-03T20:19:56Z,2026-10-03T20:23:24Z,2026-10-03T20:24:24Z,99,Maya Ortiz placed 6 SELL orders (28.98 total) then BUY 2.0; 100% of the opposite orders cancelled,2,"{""opposite_orders"": 6, ""opposite_qty"": 28.98, ""exec_side"": ""BUY"", ""exec_qty"": 2.0, ""qty_ratio"": 42.62, ""cancel_fraction"": 1.0, ""favourable_move_bps"": 12.56}","[""O015746"", ""O015748"", ""O015763"", ""O015765"", ""O015766"", ""O015767"", ""O015844"", ""O015858"", ""O015863"", ""O015873"", ""O015874"", ""O015878"", ""O015879""]"
A-0169,LAYERING,T02,Maya Ortiz,MM-ORTIZ,BTC-PERP,2026-10-03T20:28:14Z,2026-10-03T20:28:39Z,2026-10-03T20:29:39Z,82,Maya Ortiz placed 4 BUY orders (0.821 total) then SELL 0.057; 100% of the opposite orders cancelled,1,"{""opposite_orders"": 4, ""opposite_qty"": 0.821, ""exec_side"": ""SELL"", ""exec_qty"": 0.057, ""qty_ratio"": 14.4, ""cancel_fraction"": 1.0, ""favourable_move_bps"": 2.91}","[""O016034"", ""O016037"", ""O016039"", ""O016047"", ""O016048""]"
A-0170,EXCESSIVE_CANCELS,T10,Nina Rossi,MM-ROSSI,BTC-PERP,2026-10-03T20:15:00Z,2026-10-03T20:30:00Z,2026-10-03T20:31:00Z,27,Nina Rossi: 61/60 orders cancelled with 1 fills in 15 min,1,"{""new_orders"": 60, ""cancels"": 61, ""fills"": 1, ""cancel_ratio"": 1.017}",[]
A-0171,LAYERING,T07,Omar Haddad,MM-HADDAD,ETH-PERP,2026-10-03T20:31:03Z,2026-10-03T20:31:59Z,2026-10-03T20:32:59Z,82,Omar Haddad placed 5 BUY orders (24.54 total) then SELL 7.32; 100% of the opposite orders cancelled,1,"{""opposite_orders"": 5, ""opposite_qty"": 24.54, ""exec_side"": ""SELL"", ""exec_qty"": 7.32, ""qty_ratio"": 3.35, ""cancel_fraction"": 1.0, ""favourable_move_bps"": 10.09}","[""O016141"", ""O016146"", ""O016152"", ""O016158"", ""O016169"", ""O016170""]"
A-0172,LAYERING,T10,Nina Rossi,MM-ROSSI,BTC-PERP,2026-10-03T20:35:43Z,2026-10-03T20:36:39Z,2026-10-03T20:37:39Z,73,Nina Rossi placed 8 BUY orders (2.982 total) then SELL 0.486; 100% of the opposite orders cancelled,2,"{""opposite_orders"": 8, ""opposite_qty"": 2.982, ""exec_side"": ""SELL"", ""exec_qty"": 0.486, ""qty_ratio"": 25.06, ""cancel_fraction"": 1.0, ""favourable_move_bps"": -4.79}","[""O016313"", ""O016315"", ""O016316"", ""O016320"", ""O016333"", ""O016334"", ""O016341"", ""O016347"", ""O016350"", ""O016351""]"
A-0173,LAYERING,T10,Nina Rossi,MM-ROSSI,SOL-PERP,2026-10-03T20:37:39Z,2026-10-03T20:38:25Z,2026-10-03T20:39:25Z,73,Nina Rossi placed 4 BUY orders (77.66 total) then SELL 8.9; 100% of the opposite orders cancelled,1,"{""opposite_orders"": 4, ""opposite_qty"": 77.66, ""exec_side"": ""SELL"", ""exec_qty"": 8.9, ""qty_ratio"": 8.73, ""cancel_fraction"": 1.0, ""favourable_move_bps"": -3.91}","[""O016390"", ""O016401"", ""O016404"", ""O016408"", ""O016409""]"
A-0174,LAYERING,T02,Maya Ortiz,MM-ORTIZ,BTC-PERP,2026-10-03T20:38:26Z,2026-10-03T20:39:25Z,2026-10-03T20:40:25Z,74,Maya Ortiz placed 4 BUY orders (2.183 total) then SELL 0.34; 100% of the opposite orders cancelled,1,"{""opposite_orders"": 4, ""opposite_qty"": 2.183, ""exec_side"": ""SELL"", ""exec_qty"": 0.34, ""qty_ratio"": 6.42, ""cancel_fraction"": 1.0, ""favourable_move_bps"": 0.31}","[""O016419"", ""O016431"", ""O016440"", ""O016445"", ""O016452""]"
A-0175,LAYERING,T10,Nina Rossi,MM-ROSSI,BTC-PERP,2026-10-03T20:40:29Z,2026-10-03T20:41:29Z,2026-10-03T20:42:29Z,75,Nina Rossi placed 5 BUY orders (2.173 total) then SELL 0.136; 80% of the opposite orders cancelled,1,"{""opposite_orders"": 5, ""opposite_qty"": 2.173, ""exec_side"": ""SELL"", ""exec_qty"": 0.136, ""qty_ratio"": 15.98, ""cancel_fraction"": 0.8, ""favourable_move_bps"": 0.79}","[""O016485"", ""O016494"", ""O016515"", ""O016516"", ""O016518"", ""O016522""]"
A-0176,EXCESSIVE_CANCELS,T02,Maya Ortiz,MM-ORTIZ,ETH-PERP,2026-10-03T20:45:00Z,2026-10-03T21:00:00Z,2026-10-03T21:01:00Z,29,Maya Ortiz: 48/46 orders cancelled with 1 fills in 15 min,1,"{""new_orders"": 46, ""cancels"": 48, ""fills"": 1, ""cancel_ratio"": 1.043}",[]
