ts,trader_id,account,underlying,contract,side,qty,multiplier,price,delta,counterparty
2026-10-03T13:09:59.494Z,T10,MM-ROSSI,BTC-PERP,BTC-30OCT26-60000-P,SELL,35,0.1,17.47,-0.44,Interdealer
2026-10-03T13:17:09.465Z,T07,MM-HADDAD,SOL-PERP,SOL-30OCT26-140-P,SELL,18,10.0,66.85,-0.24,Kite Ridge Partners
2026-10-03T14:20:32.348Z,T02,MM-ORTIZ,BTC-PERP,BTC-30OCT26-60000-P,SELL,34,0.1,53.78,-0.23,Westbrook Pension Fund
2026-10-03T14:41:48.398Z,T10,MM-ROSSI,BTC-PERP,BTC-30OCT26-70000-C,BUY,44,0.1,70.12,0.21,Calder Asset Management
2026-10-03T14:52:30.540Z,T10,MM-ROSSI,SOL-PERP,SOL-30OCT26-140-P,BUY,22,10.0,7.61,-0.36,Westbrook Pension Fund
2026-10-03T15:18:15.901Z,T02,MM-ORTIZ,ETH-PERP,ETH-30OCT26-2400-P,BUY,57,1.0,53.95,-0.16,Westbrook Pension Fund
2026-10-03T15:19:29.326Z,T02,MM-ORTIZ,ETH-PERP,ETH-30OCT26-2600-C,SELL,200,1.0,58.4,0.3,Kite Ridge Partners
2026-10-03T15:26:25.355Z,T07,MM-HADDAD,ETH-PERP,ETH-30OCT26-2400-P,BUY,38,1.0,59.8,-0.42,Kite Ridge Partners
2026-10-03T16:09:25.318Z,T10,MM-ROSSI,BTC-PERP,BTC-30OCT26-70000-C,BUY,32,0.1,42.09,0.35,Kite Ridge Partners
2026-10-03T16:24:55.258Z,T10,MM-ROSSI,SOL-PERP,SOL-30OCT26-170-C,BUY,10,10.0,54.24,0.27,Kite Ridge Partners
2026-10-03T17:31:54.306Z,T10,MM-ROSSI,BTC-PERP,BTC-30OCT26-70000-C,BUY,57,0.1,57.49,0.3,Westbrook Pension Fund
2026-10-03T17:45:53.054Z,T07,MM-HADDAD,ETH-PERP,ETH-30OCT26-2700-C,SELL,40,1.0,6.15,0.08,Westbrook Pension Fund
2026-10-03T17:47:08.634Z,T02,MM-ORTIZ,BTC-PERP,BTC-30OCT26-60000-P,SELL,42,0.1,20.91,-0.28,Calder Asset Management
2026-10-03T19:11:56.936Z,T10,MM-ROSSI,BTC-PERP,BTC-30OCT26-60000-P,BUY,57,0.1,45.46,-0.4,Kite Ridge Partners
2026-10-03T19:33:26.380Z,T02,MM-ORTIZ,ETH-PERP,ETH-30OCT26-2700-C,SELL,50,1.0,71.6,0.35,Kite Ridge Partners
2026-10-03T19:36:11.730Z,T02,MM-ORTIZ,ETH-PERP,ETH-30OCT26-2700-C,BUY,9,1.0,55.53,0.44,Kite Ridge Partners
2026-10-03T19:38:01.887Z,T07,MM-HADDAD,ETH-PERP,ETH-30OCT26-2400-P,BUY,11,1.0,58.7,-0.25,Interdealer
2026-10-03T19:39:39.829Z,T07,MM-HADDAD,ETH-PERP,ETH-30OCT26-2400-P,BUY,6,1.0,31.7,-0.27,Interdealer
2026-10-03T20:18:20.440Z,T02,MM-ORTIZ,ETH-PERP,ETH-30OCT26-2700-C,BUY,36,1.0,25.91,0.48,Calder Asset Management
2026-10-03T20:35:23.000Z,T07,MM-HADDAD,SOL-PERP,SOL-30OCT26-170-C,SELL,7,10.0,68.56,0.27,Kite Ridge Partners
