trader_id,name,desk,role,accounts,role_description
T01,Dan Kessler,Delta One,prop_trader,P-KESSLER,Trades the firm's proprietary capital directionally within risk limits. Pay is tied to the P&L of their book.
T02,Maya Ortiz,Options,market_maker,MM-ORTIZ,Quotes two-sided markets continuously and hedges the options book; high cancel rates and rapid re-quoting are normal.
T03,Tom Becker,Token Liquidity,liquidity_provider,LP-NOVA,Runs liquidity provision for token issuers under market-making agreements. The NOVA agreement with Nova Foundation pays a monthly retainer and token options only if 30-day volume and spread KPIs on XCH are met; the desk's bonus pool is tied to these fees.
T04,Leo Brandt,Execution,execution_trader,FAC-BRANDT;PA-BRANDT,"Works client orders. Runs a small facilitation book. Has an employee personal account held with the firm; every personal trade needs compliance pre-clearance, and trading ahead of client orders is prohibited."
T05,Sara Lind,Execution,execution_trader,FAC-LIND;PA-LIND,"Works client orders. Runs a small facilitation book. Has an employee personal account held with the firm; every personal trade needs compliance pre-clearance, and trading ahead of client orders is prohibited."
T07,Omar Haddad,Options,market_maker,MM-HADDAD,Quotes two-sided markets continuously and hedges the options book; high cancel rates and rapid re-quoting are normal.
T08,Grace Liu,Delta One,prop_trader,P-LIU,Trades the firm's proprietary capital directionally within risk limits. Pay is tied to the P&L of their book.
T09,Ben Okafor,Delta One,prop_trader,P-OKAFOR,Trades the firm's proprietary capital directionally within risk limits. Pay is tied to the P&L of their book.
T10,Nina Rossi,Options,market_maker,MM-ROSSI,Quotes two-sided markets continuously and hedges the options book; high cancel rates and rapid re-quoting are normal.
X-NOVA,Jonas Weller,External - Nova Foundation,external_contact,,"Business development lead at Nova Foundation, the issuer of NOVA. Counterparty to Harborline's NOVA market-making agreement."
